compound,mean_predicted_expression,sd_predicted_expression,l2_norm_centered,fraction_near_zero,PC1,PC2,PC3,PC4,PC5,PC6,PC7,PC8,PC9,PC10
9312808,3.6297634,2.1377363,8.369237,0.0,-22.416622,-65.19913,-0.03936578,31.461067,-34.9448,4.7781177,-20.676859,17.206472,-16.72529,-1.147391
9312815,3.6788003,2.1392038,6.5131526,0.0,32.70444,49.206326,-28.35373,3.5950618,-4.156446,-2.5518498,6.8897095,-4.460638,-9.621907,16.609844
9312822,3.5794275,2.138935,13.216466,0.00015390534821085032,-156.60565,-14.582883,5.786128,-20.248371,9.875146,39.735165,-13.427819,-10.899952,7.147214,-11.161368
9312836,3.647213,2.1411915,5.3148484,0.0,-20.832502,-33.77266,7.8904996,7.5530586,30.33694,0.62128884,-7.017598,-8.738426,16.958364,-12.332357
9312843,3.6868236,2.1421847,8.000754,0.00015390534821085032,50.805855,-12.5718975,44.981598,-47.474464,12.811943,-7.667774,-10.261127,23.246208,23.661545,17.233675
9312850,3.6605086,2.139974,7.7662654,7.695267410542516e-05,-7.201212,-4.735257,17.60483,-36.43808,48.68733,13.61015,-19.202265,3.0238645,40.665897,15.270722
9312857,3.6286478,2.1463802,11.502903,7.695267410542516e-05,-64.84105,-88.013115,52.956154,-28.174185,15.858374,-1.8754272,3.915049,13.75367,-11.683898,8.292321
9312864,3.6348941,2.1405535,6.4639897,7.695267410542516e-05,-41.70441,8.756524,21.639536,22.845486,13.868611,-11.953791,-22.286667,-14.128828,8.888336,-3.6548023
9312871,3.6109958,2.132286,8.799184,0.0,-75.65895,-35.911545,-40.964108,15.766198,4.788058,12.571123,-24.039946,-11.282382,5.369155,-6.3822813
9312885,3.595078,2.1443677,10.281876,7.695267410542516e-05,-114.861885,-33.513638,-25.49358,7.3868837,-11.160257,-31.498713,5.9561563,8.826726,-18.424103,-11.976776
9312899,3.6157372,2.1368961,8.360295,0.00015390534821085032,-81.201645,-21.395922,-5.8127503,-22.040844,-15.223818,30.306133,17.713537,9.819796,10.18528,5.6160846
9312906,3.602537,2.1458027,9.448555,0.0,-103.86823,-39.712032,9.244951,-2.9914882,10.557613,-11.046264,-11.73586,-0.6683721,22.393766,-5.180902
9312913,3.6524773,2.144826,6.125722,0.0,-8.013653,20.397778,44.854534,-3.4256625,25.054312,15.418126,-18.200079,16.48157,-10.624828,-5.5189085
9312920,3.6600616,2.1432612,5.548578,0.00015390534821085032,3.0477614,17.52994,32.07818,-9.693785,-13.322807,3.2260985,-1.4253333,-27.99724,14.409737,-11.845834
9312934,3.6682544,2.1351597,6.850638,0.00015390534821085032,23.94237,-42.91687,14.377462,-14.1591,24.905346,-12.030412,-7.813588,4.63858,13.602654,10.410031
9312941,3.6534677,2.1336803,5.386991,0.0,-24.52717,-22.924955,5.2555423,-28.639565,18.250843,16.599424,13.736597,-2.360952,7.893676,1.2912062
9312948,3.6038804,2.144649,11.569963,0.0,-61.38953,-74.82675,-11.743927,33.300686,-46.98136,-52.277004,-37.867867,-12.634563,24.928553,-32.184425
9312955,3.6446362,2.1457071,7.3768296,0.0,-31.97636,-0.5123044,35.405865,-44.44846,-9.724974,13.011761,0.844666,16.153246,0.9831175,4.9477177
9312962,3.6615164,2.1402109,7.304264,7.695267410542516e-05,-13.672172,38.64612,-20.573742,-24.062819,35.04749,28.159992,-2.1969686,-5.564949,-22.03023,25.764826
9312969,3.648271,2.133797,6.324063,0.0,-10.406847,-10.526197,-37.646206,-16.979666,26.799957,-8.117532,-22.189796,6.255476,-8.7710285,-13.548955
9312983,3.5970685,2.1439683,11.492862,0.0,-105.877266,-62.731552,21.796488,-10.031623,-31.34491,-30.074745,-2.3514974,6.39595,-12.380856,-25.167906
9312990,3.6209805,2.139827,7.3702087,7.695267410542516e-05,-70.13576,15.227784,-20.877625,-9.938497,-11.938116,1.4151303,-25.598541,2.8062344,-16.98199,8.793542
9312997,3.6458323,2.1456697,8.101408,0.0,-45.403465,-22.648815,28.389606,-42.224403,55.880142,13.313966,10.142637,9.218042,-14.865162,5.8647246
9313004,3.637943,2.1343086,7.14164,0.0,-2.350001,-39.05865,-3.0184257,38.43056,-25.473877,-0.8324429,-37.629322,21.743845,3.9503174,-10.847585
9313008,3.6455147,2.1342778,5.0506783,7.695267410542516e-05,-30.341515,-22.077024,-25.980276,-3.3131108,6.084203,-2.698617,21.982594,-10.274499,11.973865,5.0314655
9313011,3.7056155,2.1389325,15.469019,0.0,121.70129,-88.88149,2.827103,63.16834,-24.3399,-32.658665,11.047983,54.56303,-40.63933,19.060497
9313015,3.612541,2.1491618,15.136146,0.0,-72.267,-146.06018,26.035662,17.83667,1.3565835,-45.91869,-4.0517554,25.931772,-9.467423,17.338284
9313018,3.6373806,2.1422591,6.844478,0.0,-43.688957,-20.084785,24.930159,3.9489167,-39.266434,-22.04924,1.7174435,-17.632156,7.684154,13.263747
9313022,3.641511,2.1441183,5.95144,7.695267410542516e-05,-34.88948,32.63992,24.203308,9.887469,-3.488751,17.649857,-6.73925,-11.003725,2.206305,7.508095
9313025,3.6688294,2.138155,6.5838666,0.0,22.87711,-8.089802,9.116462,-41.461643,22.751904,6.988154,-25.596672,26.228987,3.0472023,10.088628
9313029,3.6615622,2.1231833,9.4675665,0.0,40.399254,-44.88191,-63.307735,52.8498,-23.434736,-0.7305833,-6.8007965,-0.8967799,26.227913,-7.518696
9313032,3.6516428,2.1407213,7.273092,7.695267410542516e-05,7.088358,-29.659899,-22.70533,38.52426,8.309555,-35.657818,-5.1017275,15.5491495,-15.215067,3.6874633
9313036,3.6581924,2.1410034,6.481733,0.0,3.1304312,-43.935486,31.728333,-2.7827277,27.998652,-2.4339595,-11.355522,17.553679,5.87286,-2.270072
9313043,3.6111975,2.1319525,8.21076,0.0,-65.24195,-50.420395,2.4356556,15.466852,-5.40603,-11.438708,-44.05716,14.891561,3.1531403,-1.6516335
9313046,3.6383846,2.1464107,6.047766,0.0,-37.524544,2.4861407,9.642505,-28.941223,6.9361625,-25.40767,-3.1355374,23.4309,-10.863846,8.863296
9313050,3.665839,2.141409,6.6371126,0.0,7.736489,18.392286,15.561418,-55.9316,-4.418231,-13.598878,-7.0178776,11.953006,14.729829,1.4311086
9313053,3.663406,2.1462858,6.7086535,7.695267410542516e-05,-0.81520116,1.2489694,49.104393,-33.47513,-12.510383,28.382303,1.1364734,-0.3107781,6.110052,4.6230855
9313057,3.6777906,2.1333404,5.8662176,0.0,33.59945,9.090152,-21.12612,-7.612094,50.31856,-12.002072,10.3593025,8.906359,-8.5077715,-0.50855
9313060,3.584301,2.147328,13.926002,7.695267410542516e-05,-147.80731,-11.499488,58.200012,-25.659569,6.015436,22.099886,-28.49762,4.616667,30.949142,-2.7114456
9313064,3.6044507,2.1499672,10.90462,0.0,-102.92643,-56.44372,3.4962924,7.5511127,-20.303394,-46.835842,-6.0772023,-17.520535,-19.581005,7.370394
9313067,3.6067162,2.1400423,8.353767,0.0,-97.48221,-20.64433,-2.531619,-14.229316,-14.16126,-0.55906546,-4.0966277,-12.152693,15.156134,-0.49183756
9313071,3.691364,2.1383066,8.789986,0.0,79.56343,-34.977856,10.31221,-27.698673,-15.342754,-3.926174,-13.866444,13.469148,-16.148432,-6.6665845
9313074,3.689628,2.1370184,6.3568354,0.0,52.686646,-8.523083,13.470208,-34.330395,12.638675,8.609614,3.3895361,-2.076269,18.813065,-4.19677
9313078,3.6406105,2.1398382,8.186936,0.0,-48.419556,16.494051,3.6826608,-56.02447,42.908634,-8.314735,-5.52688,6.9474664,18.229057,1.6018935
9313081,3.6901894,2.1342373,9.160596,0.0,80.62113,-39.48847,22.981272,1.0613137,-3.3513203,23.370323,-33.1776,-8.167313,10.779605,-20.499939
9313085,3.6624987,2.1398344,7.3010364,7.695267410542516e-05,36.26843,-32.468258,11.297015,-4.2736444,-13.673672,-35.254097,-41.48706,25.31619,21.319319,-6.081468
9313092,3.675302,2.1385963,6.516366,7.695267410542516e-05,26.719582,13.31959,30.193148,-38.100346,-13.862059,42.85037,2.6165216,-3.869762,0.89419675,-7.7389355
9313095,3.6641328,2.1352825,6.742964,0.0,-16.749765,-31.445667,23.305267,-11.075034,32.22253,30.64074,21.564272,-19.724009,4.383363,27.543732
9313099,3.7018244,2.1313746,9.255755,0.0,85.63363,-39.350266,31.018845,22.11156,21.58074,25.492575,-17.338243,-19.089466,9.790586,6.363152
9313102,3.641061,2.144165,7.1824083,0.0002308580223162755,-31.978767,22.05151,8.468095,-6.778798,36.938725,16.626999,-22.029396,19.87125,-13.939417,9.279825
9313106,3.6559665,2.1414883,7.095975,0.0,-14.7614765,-11.349554,23.88661,-46.929256,-33.898685,-15.153159,26.29369,-1.2894721,18.160435,18.72192
9313109,3.6314952,2.1377273,7.950504,0.0,-50.518818,41.372654,-33.124966,-42.68755,11.353286,0.34748366,-22.987186,12.990946,-3.4693646,-9.599543
9313113,3.6875484,2.1377559,7.621778,0.0,61.991848,-31.39635,5.1874657,-6.6702795,13.066497,-23.215317,-3.1777058,13.237681,-8.655691,5.164518
9313116,3.5783217,2.1410484,14.309184,0.00015390534821085032,-146.09216,-60.88382,17.42171,-51.95242,-22.821323,17.89003,-17.803823,32.557125,17.250769,1.9911432
9313120,3.6152787,2.1453788,8.565531,7.695267410542516e-05,-85.45991,-20.425465,4.8303957,-27.606474,3.2182467,-21.882519,-4.237257,-0.99160534,8.174591,0.663581
9313123,3.6498013,2.143161,8.832306,7.695267410542516e-05,-18.414518,-48.600754,23.287094,-45.532413,-11.122681,29.641678,12.612862,27.961458,-9.727093,15.510949
9313127,3.6391313,2.135255,5.6087456,0.0,-33.15839,6.84818,-24.875465,-16.977545,5.4618645,-19.503391,3.250564,7.3971677,-2.9967844,4.852699
9313128,3.6468823,2.1476834,6.885718,0.00015390534821085032,-17.102186,-17.392408,31.874958,-32.487545,-0.93907887,-43.92161,-21.600239,4.4819703,-15.668421,-1.1688465
9313129,3.7338474,2.130305,14.485327,0.0,165.54855,-40.499798,4.5868516,20.273775,-4.9348583,-37.32672,1.2152048,23.783983,20.772434,24.882814
9313133,3.6782267,2.130428,7.9696403,0.0,51.951004,-36.678703,-13.851636,12.393953,39.4265,18.106846,-17.522804,20.60386,-37.525417,-5.6358643
9313135,3.661576,2.1373293,8.036846,0.0,-4.2044263,-53.126904,54.878426,-11.019795,12.500175,9.593479,-0.7313678,-10.472691,30.187742,30.833582
9313140,3.6583233,2.1408656,5.4779334,7.695267410542516e-05,-6.5322356,-10.733255,17.34863,-28.38912,24.411003,-5.275603,-7.313738,-1.60996,-2.3647594,19.799164
9313142,3.6741178,2.1392777,4.7710757,0.0,27.8407,23.459904,-1.5258718,-11.474873,7.0052643,-20.818693,-3.1407979,-9.659314,6.529436,-2.7511554
9313143,3.6685705,2.1391575,6.0744452,0.0,28.190935,-10.071409,6.9952803,24.120052,-36.65164,19.494322,2.3284097,-10.612118,-16.381514,5.2318254
9313147,3.676648,2.1469796,6.675177,0.00015390534821085032,24.2109,40.167664,20.086363,-19.416733,32.24157,0.52392745,-19.576025,1.0888667,-26.739767,21.591887
9313149,3.5571067,2.1463199,14.848892,7.695267410542516e-05,-184.90112,-39.631733,8.200552,-7.4941196,-23.449514,-9.436482,-14.740849,7.67932,7.3266253,-16.867474
9313150,3.5949726,2.139224,11.199117,0.0,-125.12838,-46.119717,21.185755,-23.722845,-13.104917,8.229374,-2.7981985,-1.6267092,1.4038851,16.62773
9313154,3.6272316,2.1367664,7.7610035,0.0,-70.247475,-12.76839,-30.145006,-17.027632,42.43677,8.4835415,6.2765036,12.98441,12.21089,11.787792
9313156,3.6367857,2.138037,5.8917546,0.0,-30.879194,27.37874,-19.285036,-11.735045,-2.060783,-22.751652,-15.000438,14.564215,-2.9654927,5.8554845
9313157,3.6641123,2.14345,5.8011703,7.695267410542516e-05,6.508106,27.80858,7.2696466,-40.28928,4.737594,-19.590706,-8.943975,5.8163548,17.200872,10.046609
9313161,3.6112945,2.14221,9.317599,0.0,-101.72366,8.690158,-20.867657,-13.721029,5.710081,-4.745388,21.504057,-1.9355435,21.855297,15.642411
9313163,3.6304736,2.1331959,12.355635,0.0,-44.637054,-113.465004,-21.59684,-3.1746757,-1.7295055,-17.648838,13.772051,11.024226,-7.332746,11.80139
9313164,3.6765938,2.1372325,7.6777525,0.0,48.391155,-28.48147,-9.376572,38.703674,-28.748838,6.71049,1.6358683,-9.083577,-17.450258,2.7698429
9313168,3.6536758,2.139321,8.215836,7.695267410542516e-05,-17.17032,9.313712,-15.962625,-69.910385,-20.080547,-28.5472,20.986937,25.035204,-1.6623415,22.771837
9313170,3.7207026,2.131307,14.377565,0.0,143.11298,-73.138214,20.348742,33.299305,-12.981542,0.96073616,-14.464847,12.081139,-9.42666,-2.7319303
9313171,3.651846,2.1397834,6.956621,0.0,-16.071215,-52.889343,24.68847,4.857872,-4.4217005,-6.707198,24.548792,5.1151476,-14.733326,14.972262
9313175,3.6839917,2.1369774,10.691693,7.695267410542516e-05,45.03092,-68.93194,47.341194,11.806029,-36.47696,13.821565,15.46162,-22.446634,14.491735,46.58207
9313177,3.6849663,2.1376946,6.459287,0.0,37.710487,-22.283464,22.362478,-11.02845,37.002663,28.841364,14.028658,-8.335388,15.644152,3.2110794
9313178,3.5849795,2.1458097,13.102146,7.695267410542516e-05,-152.16183,7.293425,-5.9586625,-23.051302,26.560171,-31.559858,-7.621162,-3.4442706,4.561179,17.569065
9313182,3.6288986,2.1393895,7.5719876,0.0,-46.23115,-20.755558,-10.752193,-22.526932,26.829367,-27.081245,-29.998013,15.972043,-26.816122,-12.900897
9313184,3.618704,2.1417859,10.253421,0.00030781069642170063,-85.35342,-41.466537,28.820404,-46.34625,3.667873,-6.4911237,-4.1248336,14.594172,16.208452,27.793629
9313185,3.6014428,2.1435611,9.129894,0.0,-105.70676,-10.405071,8.954201,-4.752104,-38.670647,-16.346071,3.7511284,-11.408148,-2.991037,-4.6691747
9313189,3.66206,2.137245,5.229928,0.0,25.522655,-3.3403702,-1.7228893,-2.9738064,-4.9872036,-4.350714,-33.624847,13.482159,19.518103,-4.0811977
9313191,3.6471813,2.1287668,6.424937,0.0,-25.306557,-12.446921,-24.851074,-1.0471611,58.559963,23.987492,-3.6896539,12.9760685,-4.5639544,5.2080226
9313192,3.6395206,2.1334639,10.797758,7.695267410542516e-05,-34.071407,-76.66928,-43.14688,19.254509,17.788416,-4.2817783,24.145098,13.269964,2.9245155,9.657526
9313196,3.6179843,2.1437733,10.042509,0.0,-84.57351,-13.660092,-8.616379,48.70388,52.59721,4.182882,12.3050165,-14.058419,23.363708,-8.715235
9313198,3.6508648,2.1362205,4.951446,0.0,-17.126268,0.60588646,-23.263157,-31.560867,-1.6595577,4.7316413,-1.1911453,5.692176,-14.558612,-1.9276918
9313199,3.599782,2.1480129,10.91445,0.0,-114.46451,-20.737783,30.767689,-33.7771,5.7953086,-8.700564,-8.696489,20.960651,2.2501204,12.414977
9313203,3.6157973,2.1358435,10.899404,0.0,-81.15442,-86.98441,8.810943,-24.46676,-5.433651,25.092358,7.8365483,8.277991,-11.041469,6.3254085
9313205,3.6714635,2.1375425,8.237327,0.0,28.121496,-50.864555,36.853615,-40.617706,-9.627652,11.306898,-14.800356,-3.6295338,-5.629407,-7.2714205
9313206,3.642732,2.1458244,7.7177477,0.0,-52.010033,-45.06208,38.780304,-9.332559,28.561937,-22.80971,14.30418,-27.043404,-4.5101404,10.5821495
9313210,3.6657891,2.1360235,7.0276937,0.0,21.20194,41.84698,-36.30694,-5.0675497,-8.566475,36.9715,-20.409063,5.8003244,2.5819032,10.253392
9313212,3.6469193,2.1407454,6.526721,0.0,-22.06718,7.295056,-7.8006697,-47.143406,-28.693436,-25.711512,2.358099,-2.0323665,5.2331986,-9.626746
9313217,3.5950918,2.1481497,10.377825,0.0,-112.781906,-37.092884,16.659964,3.4341547,-7.0697374,-37.718113,-9.028593,-1.4452943,24.842506,-18.94423
9313220,3.5590005,2.1330664,14.078976,0.0,-152.68535,-36.580933,-59.439327,7.8712883,-62.68972,18.008148,-19.903168,35.764473,4.2883916,-38.19755
9313224,3.650289,2.1435068,7.735322,0.0,1.8593116,-62.26079,32.134956,-4.06767,0.2572183,-4.4219747,-16.7679,26.623451,-3.5582378,-3.5963476
9313226,3.624977,2.141426,7.3420877,0.0,-49.862377,-17.58023,-24.597906,-8.818917,6.6238112,-30.19751,-15.46527,37.07244,2.2275321,2.253486
9313227,3.6608949,2.14158,6.063743,7.695267410542516e-05,5.3877287,-26.110527,22.06969,-26.039644,23.04045,23.825655,-27.203976,12.69596,-6.434657,-3.3121285
9313231,3.746958,2.1199415,14.433617,0.0,160.90042,-34.9613,-11.829995,23.429907,47.09594,20.664047,25.716625,-32.18907,-9.1095295,10.157792
9313233,3.6450279,2.1455648,5.6474347,0.0,-18.32413,-9.300725,2.3098562,-9.229383,-3.8060021,-31.662664,-8.0297785,-15.516262,-18.718555,-16.98397
9313234,3.6382356,2.1399345,6.2599382,0.0,-38.129776,-32.1772,-7.6124454,-19.45393,-0.8827352,-14.462255,0.7764514,-4.1079106,-3.325304,8.118827
9313238,3.660794,2.1414542,11.046561,0.0,27.085121,-78.62236,44.994072,14.730079,-61.23118,20.12009,-9.638341,-8.416099,14.494278,-15.835495
9313240,3.6207592,2.1471446,10.433612,0.0,-92.82488,-62.032402,44.073574,-9.441185,10.417401,-14.621575,15.016238,-25.725056,-13.277433,7.1553264
9313245,3.642767,2.137041,7.7110977,7.695267410542516e-05,-23.128653,-51.31755,9.243251,-9.197185,12.700389,23.968126,-0.19071956,10.723591,19.045116,-17.513222
9313247,3.5573976,2.143473,17.426128,0.00015390534821085032,-200.04535,-74.290596,14.928273,-38.469913,-13.242766,7.204505,6.5119495,8.738237,3.1962004,16.333773
9313248,3.672693,2.1345093,6.5328093,0.0,36.543823,-28.971886,-0.7516784,31.778473,23.575941,-5.837101,-13.316646,12.113563,-0.21921507,20.694838
9313252,3.628444,2.152299,8.123784,0.0,-54.08462,20.051462,56.195713,-31.245113,-10.417814,12.228379,-26.66503,19.86473,1.7800652,3.320668
9313254,3.7097168,2.120127,15.442689,0.0,138.91838,-84.40412,-48.65006,39.437393,-39.86032,11.919127,-3.8569949,11.642268,11.31363,-15.1395235
9313255,3.6134171,2.1391044,11.135453,0.0,-93.779366,-61.32878,33.3121,-41.070248,24.127844,3.4185941,-5.566174,13.99612,-5.630624,25.994858
9313259,3.652331,2.1309736,8.044661,0.00015390534821085032,-15.19255,-44.296104,-10.540403,-51.845,0.20907687,31.459385,5.775409,0.4882581,15.878226,-15.168502
9313261,3.655426,2.1310782,8.512016,0.0,-6.246645,-72.122665,-8.772501,-18.598001,2.5187886,23.275106,8.868819,2.6286266,-25.542297,13.799922
9313262,3.6593432,2.1400847,5.677712,0.0,-7.9914193,12.255143,10.174148,-45.098595,29.965664,5.342219,-11.664878,3.6855419,-18.390919,9.251471
9313266,3.6795943,2.1339703,6.6487865,0.0002308580223162755,40.156857,12.6034565,-1.3234656,-42.877296,32.10938,19.44447,-22.248526,17.50242,-5.4480076,11.657011
9313268,3.583481,2.1449935,12.191692,0.0,-147.93312,-22.525578,3.302062,7.0310163,-10.594459,-21.539131,-4.221284,-3.1137838,16.684408,21.878431
9313269,3.60923,2.1428416,9.062451,0.0,-94.757935,-29.323366,11.8968,-9.641529,11.1521635,-18.040998,-2.628519,8.046362,15.9424715,-2.7389588
9313275,3.653328,2.1354105,8.188349,0.00030781069642170063,-10.259712,-15.041679,-45.91578,-44.986668,-7.6217194,2.5863523,13.488161,7.135823,-18.10683,-3.7638822
9313276,3.7016819,2.1352885,8.816409,0.0,78.84945,-33.95238,36.84258,-34.829094,0.695857,17.60588,9.980642,-16.114758,21.878675,-5.518348
9313280,3.6066067,2.146232,10.862361,0.0,-111.1826,-62.66971,24.185114,-6.2537255,12.77593,-0.18175757,18.352066,9.07827,5.123389,15.969338
9313282,3.6507232,2.1425886,6.2971025,0.0,-23.316221,-34.301495,30.682203,-8.692485,40.990345,-11.006719,2.9705944,-13.223134,13.44308,-8.874034
9313283,3.6180093,2.1318114,13.468632,0.00015390534821085032,-89.99493,-77.49281,-29.048653,-35.87959,-35.153645,-25.198345,53.958782,-5.6947856,28.63812,18.651405
9313287,3.6539485,2.1394362,5.0287147,0.0,-9.958106,-2.1120276,14.593728,-12.721377,-24.825047,40.993565,-6.448089,2.5060318,-4.509274,-0.03097969
9313289,3.6865466,2.1475215,8.164458,7.695267410542516e-05,46.916016,-1.5209165,61.01078,-50.708656,-14.629888,7.5011,5.7096295,-5.937214,-5.386078,-11.253688
9313290,3.6498988,2.1511295,6.6357512,0.0,-40.229633,8.7903,59.679848,-20.694757,8.893216,-2.7512407,17.593044,-31.428318,-19.529003,10.625878
9313294,3.6832364,2.1367087,8.877851,0.0,65.93811,-62.929367,26.444954,2.4639323,-5.7513523,11.928079,-12.067928,23.846401,12.471265,13.740804
9313296,3.6799154,2.130747,8.053301,0.0,48.198746,-38.82049,5.912957,-1.8656913,3.9398801,58.065674,-12.393636,26.595388,9.137377,3.47967
9313297,3.6416788,2.1383038,10.029377,7.695267410542516e-05,-24.007048,-75.37759,23.663063,-41.112343,4.3657646,20.771475,-12.7493725,0.06624342,10.323475,-12.420427
9313303,3.6544876,2.135033,5.1119347,0.0,-12.764343,-3.1760082,1.5655874,-25.39124,-23.106745,14.199462,-5.154905,-9.50968,0.7125156,15.6622715
9313304,3.6187305,2.1421685,7.840154,0.0,-72.05578,-30.609795,1.3226725,-14.500674,17.007421,0.9074867,-11.46522,8.817996,-13.368475,3.2368782
9313308,3.5715559,2.1428087,13.373086,0.00015390534821085032,-159.857,2.6051383,15.844297,-19.733147,-11.370185,35.969254,-35.736195,6.356444,0.83419484,2.6568823
9313310,3.709108,2.1333382,10.887332,0.0,110.51524,-11.224724,7.019209,-13.537907,-20.923407,-32.89769,0.61113274,-10.662012,22.08132,-21.221645
9313311,3.7063653,2.1449633,11.140616,0.0,90.48491,-15.7405205,36.770065,43.041904,-33.74302,12.155269,21.980364,18.369686,-2.0648165,34.253384
9313315,3.6560986,2.1464355,6.003112,0.0,-6.191909,40.36411,10.42569,-9.164884,17.671392,-1.0488561,-21.605331,5.691732,-28.312233,12.579679
9313317,3.661447,2.1314392,12.014089,7.695267410542516e-05,8.390831,-100.32168,-27.433958,21.858606,18.209011,3.3518958,29.95613,11.079833,3.0132167,9.301445
9313322,3.7432787,2.1285415,13.125802,0.0,147.85835,-35.040173,23.47709,-52.60263,36.015507,-16.211378,25.825172,-20.048662,-17.659039,-10.530177
9313324,3.6181192,2.1360574,8.240787,0.0,-66.07504,-57.367615,-3.9883661,6.466127,-14.987248,7.7278266,-9.686837,-6.352696,-4.4644475,-14.572057
9313325,3.6809287,2.1337621,7.9919243,0.0,68.79635,3.8769841,-28.590622,25.28646,-12.527657,-33.37213,-19.977686,29.961943,17.86806,4.0556784
9313329,3.6028636,2.1530364,14.170276,7.695267410542516e-05,-120.061935,-71.902885,79.872375,-50.919624,6.072696,8.835694,-0.5888197,-14.764585,-22.765385,0.56936383
9313331,3.6311746,2.1478083,8.794924,7.695267410542516e-05,-49.61919,-62.946297,40.333054,-11.222562,17.85491,-9.980298,-2.17702,18.8171,-13.969337,-9.155198
9313332,3.6815145,2.1366909,6.8235235,0.0,52.77793,-30.153677,17.705372,23.97269,26.301577,-6.872145,10.375762,17.552862,-15.767367,4.95472
9313338,3.6489205,2.1361845,4.9765573,0.0,-4.3510056,26.062386,-23.020132,21.382336,-6.867975,12.247267,-12.755594,13.707993,-10.483419,-6.3838673
9313339,3.6325302,2.1389096,8.203845,0.0,-46.31931,-30.12901,-0.67996514,-43.253773,-21.386477,10.842921,-5.5629044,-4.4797015,-29.34171,7.684582
9313343,3.6196792,2.143808,11.183875,0.0,-54.405514,-91.52727,11.121642,-12.786696,18.836264,-36.389507,-30.54654,23.929087,-29.458672,-14.837613
9313345,3.6167092,2.135669,12.022744,0.0,-78.15475,-100.611305,9.50592,3.3852744,-15.6787615,20.41839,17.49483,13.720491,12.438722,29.575188
9313346,3.5942743,2.1472569,10.959148,0.0,-129.62001,-3.5885131,19.193623,31.04806,1.3499804,7.7558503,0.079261065,-0.89835364,-10.822428,10.447788
9313350,3.6710174,2.1331446,6.2071624,7.695267410542516e-05,20.569107,-19.464285,-12.609929,-42.11327,14.667482,-21.6264,3.4110677,-4.8985176,-4.971177,10.757449
9313352,3.6406934,2.1382825,11.073,0.0,-32.736576,-97.285675,16.012665,6.5758796,-30.35888,1.1466548,30.211723,6.1820064,7.3015323,33.129395
9313353,3.6445348,2.1371984,6.3224626,0.0,-4.515412,-16.785393,-18.657589,44.487682,-27.441618,27.33851,-3.474559,47.94782,8.596848,3.6531281
9313357,3.6976469,2.1334398,7.4475074,0.0,66.059685,-22.53718,15.476929,-40.220463,34.222187,11.261596,-1.268003,-1.9228281,-19.946001,5.121056
9313359,3.629893,2.1518345,9.43077,7.695267410542516e-05,-68.80781,37.82955,61.30499,-44.97494,-15.4466715,-3.7915266,-7.427848,-2.7591352,-16.286285,12.0762825
9313360,3.5663443,2.1488397,16.990654,0.00015390534821085032,-176.129,-95.0952,61.175396,-11.828782,-1.1168935,-1.451157,-19.703455,8.913689,9.148306,12.61524
9313366,3.6475825,2.1389496,5.111057,0.0,-27.155727,-16.19766,0.41302946,-32.461136,-4.4307117,6.487447,4.0735373,-19.763134,-23.887575,-0.27271616
9313367,3.6070664,2.1410146,9.147267,7.695267410542516e-05,-82.75345,-41.532444,7.182431,11.33332,-38.22277,-18.186708,2.6338952,-20.274063,15.849516,-13.238266
9313371,3.65049,2.1423464,6.961686,0.0,-1.2831209,-53.410828,26.84481,7.986905,-6.0235906,-0.870559,-9.708281,24.52087,5.0761147,4.882014
9313373,3.6177216,2.135939,9.123909,0.0,-74.359245,-63.6749,15.608538,-16.344305,1.9662591,2.5059965,-7.5205817,10.762301,5.2240977,4.1244206
9313378,3.65763,2.1396947,6.6587415,7.695267410542516e-05,4.792713,-16.518452,41.56176,-19.683708,-34.147438,24.830477,-16.45046,0.6340285,11.297046,0.12003688
9313381,3.6026917,2.1453474,10.75494,0.00015390534821085032,-115.12647,12.533878,5.019574,-47.80598,-14.398071,-21.51465,-14.8580475,-7.6922207,-2.0671802,13.081591
9313388,3.6886194,2.1399755,8.744548,0.0,63.779354,-52.793137,19.177704,-19.231802,-16.288328,-18.747025,-7.621083,-16.865734,-19.806332,-6.985134
9313394,3.6504433,2.1461325,7.5936546,0.0,-23.42962,-29.186262,14.296124,-56.536743,-6.394798,-27.516834,14.622156,7.3125167,3.0152934,4.0749993
9313395,3.657966,2.137838,8.454608,0.0,-0.90263325,-62.22702,28.938313,-41.888115,-5.568321,15.132303,-12.431939,11.908681,-8.248535,1.3423531
9313399,3.6554723,2.1381872,5.998866,0.0,-6.4534044,-36.968433,27.897322,-8.429223,30.323185,3.0859957,-13.57854,-21.47932,13.894658,-12.916396
9313401,3.6226413,2.1364713,10.964989,7.695267410542516e-05,-83.07391,-42.88987,24.536448,-67.28151,1.6714154,0.3307453,6.3156643,11.355932,24.582907,23.525087
9313402,3.6089697,2.147055,10.452144,7.695267410542516e-05,-105.19999,-28.317942,18.173885,-31.616814,48.127666,-1.1082292,-5.996356,9.177494,-10.7055855,6.0633025
9313406,3.561753,2.151618,15.787974,0.0,-183.63298,-23.879305,50.926,-28.679659,-2.7201197,19.36027,-14.26698,26.711134,-2.9557912,-4.86364
9313408,3.6670616,2.1337404,5.8084965,0.0,20.131674,-27.83496,9.723345,-30.124437,6.769165,-9.49451,-8.335574,7.8011284,20.48999,-1.7954768
9313409,3.6337569,2.1431828,7.057883,0.0,-43.729923,-24.187181,43.911755,21.429691,17.10042,13.50427,-19.282963,-8.912378,-19.625383,-9.385279
9313413,3.638532,2.139546,6.3222575,0.0,-24.449434,19.904482,-3.0119224,-3.3292716,-52.741444,17.706009,-18.963856,18.929993,-3.5755792,28.320517
9313415,3.6487348,2.1427276,6.480325,0.0,-19.608412,-7.9657316,33.222694,-47.47056,9.087652,20.729559,-13.883861,19.121504,-8.457876,7.708551
9313416,3.68802,2.1413207,6.2915597,0.0,45.060604,-4.342015,9.331978,-0.87484795,-29.700615,3.90287,25.920256,-29.336529,-5.0493345,16.958263
9313420,3.616113,2.1370726,7.7553806,7.695267410542516e-05,-71.1512,-30.515533,13.928988,-11.4967,-12.805346,37.94812,-17.616446,11.965435,0.77755564,5.493825
9313422,3.6914594,2.133595,9.793076,0.0,74.14436,-47.513023,45.57362,19.594585,-33.937515,23.368782,-9.471561,-20.881031,4.262622,5.8406343
9313423,3.6059966,2.1456878,9.487742,7.695267410542516e-05,-99.36162,10.8370695,8.694306,-33.866825,-40.968044,-0.25798792,-19.090843,11.23034,1.7393975,13.5780735
9313427,3.6520252,2.1329665,8.492086,0.0,10.572309,-50.32854,5.710286,-6.273381,-46.48969,28.11107,-18.714687,11.083509,27.578127,-18.878815
9313430,3.6536174,2.1357439,5.7500777,0.0,7.857814,12.309406,-11.236442,4.417339,16.687529,4.1140804,-31.693562,29.40857,35.61615,-9.614453
9313434,3.6302204,2.1438408,10.777699,0.0,-58.197468,-79.90532,40.96597,22.168165,3.6977208,-28.13184,11.634463,0.5984635,16.660402,32.77238
9313437,3.5669396,2.1467853,13.647864,0.0,-168.54175,-28.61736,-0.20823722,-13.608541,-21.312246,7.2538886,-2.5439365,6.946846,-6.9788394,-4.8401055
9313441,3.7168589,2.1245997,11.174443,0.0,122.213135,-47.476383,-20.455067,-4.2884603,15.784325,-8.231772,11.308146,-2.8515694,-1.6096585,1.8439265
9313444,3.624908,2.1331167,8.877655,7.695267410542516e-05,-63.6642,-48.736847,-16.646864,-38.232147,15.295396,11.873186,15.24708,22.562458,3.1173265,-2.9737086
9314775,3.6731856,2.1361141,5.080575,0.0,37.58773,16.314278,-22.114498,3.134875,-3.6192205,22.101715,-1.2007283,20.0311,-6.448598,3.2442353
9314782,3.669852,2.141306,6.678548,0.00015390534821085032,13.033817,-30.930643,41.777767,-36.542118,-10.020042,-0.6981496,13.2881775,-11.812319,-21.663435,8.20113
9314789,3.639906,2.1285186,7.5516586,0.0,-18.438671,-23.314163,-55.852894,50.634834,0.63290936,27.514082,15.730423,10.213067,7.0138955,6.0993915
9314796,3.6001618,2.1341732,13.572127,0.0,-116.56017,-86.25007,-9.931198,26.15037,45.48359,39.82835,31.935509,10.960943,-11.201245,20.553322
9314803,3.6117375,2.1365182,9.246264,7.695267410542516e-05,-85.30711,-31.771614,0.43671826,-3.0393853,-30.467827,-12.46354,8.05028,-7.58501,28.306896,5.375284
9314810,3.7021027,2.141079,8.038505,0.0,87.84315,-8.013447,28.308786,5.819989,15.183663,15.022388,-18.571451,2.0716186,-9.587144,14.293312
9314817,3.602498,2.1287892,19.191336,0.0,-86.292114,-186.67763,-8.985235,40.015743,14.978789,-19.753504,26.349503,11.034436,-34.604107,4.3557734
9314824,3.6682177,2.1354468,12.4818535,0.0,38.013153,-113.215454,35.77305,-12.364972,-32.430584,26.300327,-4.9610085,17.814291,-13.131786,-3.695786
9314831,3.6929867,2.138755,8.49825,0.0,64.53552,-57.350388,18.158003,0.9775011,19.91058,-13.472797,-4.2125845,-16.240387,-21.811138,2.8746943
9314838,3.6240687,2.1401856,8.085708,0.0,-58.913162,-57.55264,-2.2057455,0.21105726,20.455757,-3.3655698,-17.217281,4.862623,-5.234714,-18.783503
9314845,3.6359694,2.1378865,5.66687,0.0,-32.342598,-23.915691,-17.95491,-14.626713,-8.784482,-6.935394,-10.344409,9.241517,5.6347103,8.427388
9314852,3.634793,2.1466691,7.002384,7.695267410542516e-05,-48.238945,5.2001157,22.074314,-47.321438,-3.4535792,-25.056293,-6.7954993,13.544282,7.731155,1.3466752
9314859,3.6421397,2.1462278,7.5655527,7.695267410542516e-05,-29.56944,-54.891876,52.107536,-15.013742,-12.877616,0.75157315,3.2887697,0.4448897,-3.4827793,-5.5377088
9314866,3.6705248,2.136177,6.2042923,7.695267410542516e-05,26.061707,0.38277107,0.57721525,-45.351948,26.031242,-17.811926,-13.391234,4.693286,15.985971,-2.8617392
9314873,3.729572,2.1289246,12.370431,0.0,138.7206,-0.9392069,-32.757565,-40.124496,4.571247,-31.568827,6.440729,-8.911228,21.844162,-7.0255547
9314880,3.709221,2.1378949,8.096045,0.0,78.45703,10.262561,11.59753,-25.36353,46.568363,-1.6403352,29.824797,-0.2508809,-16.096756,23.645452
9314887,3.6675894,2.1276383,7.334514,0.0,7.6121573,-23.53946,-46.53228,7.955711,-14.194413,4.3963075,43.875824,-23.67886,15.913672,22.378847
9314894,3.6495214,2.1487098,8.767652,7.695267410542516e-05,-14.192684,-50.787666,36.10008,-23.601791,35.949333,6.2774854,-35.52587,-14.405287,-37.50236,-22.718878
9314901,3.601923,2.1398432,10.966656,0.0,-110.68709,17.7951,18.892063,-45.66391,-40.034492,-9.618427,-13.906408,-1.715216,21.047913,10.080656
9314908,3.6357307,2.1508923,9.873455,7.695267410542516e-05,-54.92059,-46.348522,16.6692,-8.17969,1.7006885,-76.603836,28.192135,-11.190895,-30.471878,11.443516
9314915,3.664092,2.1331208,5.745469,7.695267410542516e-05,7.6788316,22.36011,-19.345114,-1.94281,25.675837,11.263365,-18.652012,-18.492596,-9.807383,16.663502
9314922,3.638091,2.1505063,7.7907634,0.0,-51.97243,26.779299,59.911987,-4.20781,-23.021973,-0.78597724,16.373491,-22.751982,11.736508,7.3198895
9314929,3.753685,2.1292112,17.779799,7.695267410542516e-05,195.42181,-31.766861,24.162495,29.67965,-45.295242,62.092644,-0.7156608,-5.790719,3.8367386,19.731066
9314936,3.68217,2.1414118,6.8335257,7.695267410542516e-05,20.02149,-0.7419305,22.712286,-45.849903,56.284027,-16.825623,-6.6953564,-16.94512,-8.697282,25.331108
9314943,3.7230134,2.1371129,11.080752,0.0,122.4777,-3.6304164,-2.8130276,12.360119,-13.198764,0.6236146,-5.04382,-44.367462,-19.014818,0.031722378
9314950,3.6764448,2.147209,6.486947,0.0,23.38148,-20.68701,59.142902,-21.539007,11.610056,23.2272,5.2383037,-10.750355,-13.51034,10.155157
9314957,3.6320205,2.1355996,7.7109756,0.00015390534821085032,-48.65962,-26.286753,4.441789,22.961794,29.153013,31.455606,-8.190259,-34.311836,28.001965,-16.570396
9314964,3.6367776,2.1331527,8.852295,0.0,-40.08279,-44.588463,-67.13309,29.74757,21.780275,-25.710443,15.958991,-3.3538868,-8.390344,-9.503386
9314971,3.6645687,2.1293967,6.735582,0.0,-1.233289,-46.88446,9.110599,-7.3123064,39.8719,39.373238,19.378511,-5.3397346,-3.0160375,11.953357
9314978,3.5612228,2.1388395,17.214787,0.0,-201.12798,-46.956818,14.543456,23.01129,29.65526,61.64678,14.212207,-4.717248,14.054912,-1.350396
9314985,3.6628363,2.1339154,4.266756,0.0,10.701872,-8.589048,-25.019516,-21.838894,5.733124,-3.9115448,2.053114,12.862,-0.449722,8.839401
9314992,3.6786292,2.1310701,6.554062,0.0,33.061516,6.0940967,-32.545326,-24.496752,-0.880375,-33.493465,-7.26823,-13.295705,16.2074,21.829063
9314999,3.6105978,2.1454425,9.4197,0.0,-90.7681,-35.328323,-25.006504,16.557627,25.718666,-20.916739,2.4924405,5.6471562,-11.325156,-1.2333136
9315006,3.610151,2.1435378,7.911399,7.695267410542516e-05,-73.97316,-29.419518,-1.9105482,5.926371,-45.43707,2.0935388,-6.8277855,-12.41639,10.671941,-13.09912
9315013,3.6132329,2.129691,12.081385,0.0,-84.53497,-97.75381,-17.445765,40.067223,34.49706,20.069138,12.7530775,1.524729,3.4339566,5.706056
9315020,3.6443603,2.1521134,7.3959007,7.695267410542516e-05,-37.158146,16.660837,18.792072,-25.88653,46.03368,-23.472006,3.8836923,-9.179667,-24.131792,-12.862263
9315027,3.627075,2.1376507,6.903173,7.695267410542516e-05,-43.64483,32.91007,-39.319695,17.477898,-10.619313,12.593348,-36.44078,5.4855795,2.9385781,-6.0321293
9315034,3.645339,2.1315649,8.232276,0.0,-1.1570362,-62.249672,-16.638182,28.736544,-21.652163,26.59592,-13.135454,-1.7672008,-1.7302588,-3.1188834
9315041,3.6506333,2.1474817,10.86728,0.0,-4.4937,64.90611,-7.5061345,64.60543,-12.716477,4.423755,-44.807884,-32.960445,-32.307762,9.531244
9315048,3.6701276,2.1430492,6.849508,7.695267410542516e-05,33.82309,5.967212,43.34485,23.339214,5.3918386,10.742331,-30.347145,-15.235394,-15.695132,-21.865118
9315049,3.634066,2.1366177,6.0877457,0.0,-43.741955,25.27894,-15.68807,-29.503979,-9.131396,2.2456198,-17.443787,8.819679,19.87435,-2.8387566
9315050,3.6344507,2.133923,9.187922,0.0,-29.388493,-63.191345,-4.4557796,27.104239,-41.788376,-29.53748,36.59536,17.72074,15.459731,20.63932
9315051,3.656618,2.135726,6.1210423,0.0,0.5030993,34.24744,-51.09122,-8.51002,-1.1820917,-4.0257683,9.781616,8.10555,4.9652452,9.962565
9315052,3.6269546,2.1469076,7.823312,0.0002308580223162755,-73.6528,14.634728,5.518346,-18.666306,3.3367593,-36.072533,9.569811,-28.995485,16.400805,-2.2363977
9315053,3.6104076,2.1508472,8.397787,7.695267410542516e-05,-86.3685,13.91565,17.117584,-1.2738864,-7.381775,-20.17847,-15.55135,-5.921707,2.0686014,-32.46056
9315054,3.6567154,2.13906,3.8637424,0.0,-1.3001857,16.073689,-1.2590427,-11.7799,-3.816073,-0.31006733,-15.091678,-10.757095,6.9443665,4.6713524
9315055,3.6041443,2.1428528,9.572952,0.0,-109.93325,-15.19543,-7.592415,8.059437,-30.473095,-16.339262,2.8602571,-21.831295,-8.763955,23.617943
9315056,3.609285,2.146535,9.421147,0.00015390534821085032,-100.50368,-44.641853,27.736877,5.918844,0.2726369,-8.268091,12.198017,-26.953836,12.8270855,-3.9422574
9315057,3.6768477,2.1405969,8.5812435,7.695267410542516e-05,67.348495,-35.79363,5.6266017,24.9484,-21.997509,-23.977892,-22.922068,-7.1530647,-6.3509803,-31.379719
9315058,3.6382935,2.1447635,6.4639792,0.0,-23.314955,-21.438004,5.104396,30.274027,22.632742,-37.16959,-21.607924,8.412678,-4.6282887,-4.678165
9315059,3.735801,2.123739,12.854543,0.0,151.21263,-4.202592,-38.801563,14.338469,40.289795,-0.42855108,12.076767,-13.562967,30.10167,-3.1659691
9315060,3.6221752,2.143965,8.430549,0.0,-63.91325,-34.35661,33.17616,-14.316039,-15.359602,8.458833,2.080766,22.473066,-19.758211,8.128597
9315061,3.5903454,2.1445627,11.468516,0.0,-126.232735,-7.2957273,34.098206,5.654917,-44.675995,49.58139,3.5603414,-0.0018157291,-2.0599704,-7.5677376
9315062,3.6314073,2.1458867,6.9487267,0.0,-33.133698,-30.511766,14.601685,26.758146,4.704889,-42.589264,-20.637503,5.1810975,-5.427289,-8.060858
9315063,3.6380396,2.1353722,5.559581,0.0,-31.246088,-13.270308,-26.959942,6.836058,-20.460726,19.936401,10.456883,0.10613813,-25.493523,-6.975867
9315064,3.6528647,2.1351402,4.818722,7.695267410542516e-05,-22.467402,13.958324,-15.325169,-19.696228,27.737556,2.9156373,-2.704573,-7.2028837,-7.0929575,16.34578
9315065,3.7011547,2.1307933,8.48786,7.695267410542516e-05,85.002365,0.22209412,-22.25451,-21.476614,-2.9607098,31.012987,-11.748485,18.035152,-0.35630682,11.178797
9315066,3.6866958,2.1321406,8.07292,0.0,55.250023,-44.90622,1.0669664,19.987345,-14.242691,27.862276,21.412827,-9.576411,21.063013,12.909545
9315067,3.6437101,2.133289,8.61251,0.0,-33.912384,-44.22728,-27.722958,32.33699,36.7815,-3.988362,17.500383,-31.987963,38.109203,5.9086165
9315068,3.6841943,2.1349225,11.925716,0.0,47.042645,-68.14748,3.691183,54.771206,-23.768375,-21.778341,36.638645,-48.136177,-19.162443,-2.786696
9315069,3.64696,2.1402328,4.839422,0.0,-18.830198,-21.128014,10.83505,11.03531,-34.74918,4.760419,11.789536,-3.528131,-10.213853,-0.040622056
9315070,3.6857507,2.135254,7.432076,0.0,54.805767,13.488072,-29.464514,46.84417,24.099827,-3.4588115,1.9981842,-3.1627898,-6.123506,10.250162
9315071,3.691042,2.1388788,7.8747053,0.00015390534821085032,67.897194,-10.145264,23.991222,-41.00909,2.7928383,20.756195,-19.927908,7.0893655,8.339414,-3.7229903
9315072,3.6556861,2.135802,8.580415,0.0,15.335903,-74.87572,-3.84471,3.9675114,-14.760645,22.563896,-18.591082,8.09961,15.837785,-18.485977
9315073,3.703686,2.1388123,7.901974,0.0,91.37173,-21.386879,18.628883,-10.524625,2.6539624,-15.741578,-6.490903,1.600131,-1.7160522,3.057396
9315074,3.6526113,2.1367476,6.759098,0.00015390534821085032,-14.38387,-1.0940499,-28.339212,-48.26093,-9.209834,-10.8583145,-3.6653671,-14.586677,-16.538311,-16.385666
9315075,3.6699908,2.140075,8.443592,0.0,38.966053,-42.103992,52.449394,19.200926,-26.74175,4.6719255,-8.757165,-13.841947,-3.061467,-32.067726
9315076,3.615934,2.1473203,7.5742536,0.0,-74.26716,3.3664489,26.469315,-4.665359,3.404899,-5.2902384,-23.229786,13.8894415,-5.360462,8.335014
9315077,3.7017353,2.1409683,8.671069,0.0002308580223162755,77.35884,17.816483,44.688652,-31.92006,-17.201725,33.55836,-9.076684,-13.470891,17.4004,6.493129
9315078,3.6461222,2.1288075,9.378774,0.0002308580223162755,-37.273956,30.015083,-32.835667,-76.188614,23.183775,45.48739,1.0827165,6.1279,12.901856,-0.18042788
9315079,3.6508696,2.1254528,6.999507,0.0,3.4380515,-51.614338,-41.821583,11.167693,23.28006,3.9636204,-10.636727,23.651562,16.861578,3.4759574
9315080,3.5664313,2.1403143,15.522837,0.0,-179.18872,-64.71209,-27.603579,36.8836,-7.9074473,-1.2871373,12.299227,-31.336958,15.530852,5.9616036
9315081,3.7064953,2.1365857,10.006636,0.00015390534821085032,94.94367,13.46425,23.103394,-42.89408,-39.38349,26.79106,-14.127257,-1.2211705,17.977953,9.295598
9315082,3.5975783,2.137312,10.10578,0.0,-107.64235,-0.10111097,-48.57773,-20.847618,-29.601755,31.909306,0.0029575313,11.031893,-20.912714,-18.261097
9315083,3.6830373,2.1312094,9.30947,7.695267410542516e-05,60.29288,-27.629921,-43.47308,-36.025196,0.9376971,-44.75354,-3.7809844,3.1529799,11.665408,-13.202305
9315084,3.6588755,2.1367693,7.7735434,0.0,-3.6449301,21.722717,-22.036257,-52.922825,-28.765347,-36.89115,-3.790254,-29.531008,1.2024097,-12.680052
9315085,3.6631408,2.1466544,5.081986,0.0,19.650599,-4.124274,22.931786,15.777021,-19.465033,-28.31587,-3.5989738,-4.3478737,8.987,-12.836428
9315087,3.6682687,2.1413162,6.2239337,0.00015390534821085032,9.679663,14.636237,0.8873994,-49.973545,19.50365,-23.778954,-11.546523,-12.530088,11.164458,-10.587257
9315088,3.5660305,2.1478717,14.964273,0.0,-187.94951,-4.402148,-4.68594,-4.0910897,18.134352,-18.773363,8.658018,-11.250469,-4.2930646,2.332379
9315089,3.6305387,2.1264927,7.3958764,0.0,-36.330143,2.5672736,-69.889404,30.694654,-3.1476068,2.2560587,-14.085665,2.6080554,45.23219,-6.7931213
9315090,3.6379397,2.1361606,5.7446356,7.695267410542516e-05,-44.161274,-17.826733,-4.0670924,-24.414991,-1.8790548,-4.730873,3.6515687,-3.1840706,-9.349075,16.566587
9315091,3.6394475,2.149596,7.4426513,0.0,-39.624775,12.702768,53.430786,-19.720263,-40.183746,-18.346527,-8.325214,-21.194412,-5.3842077,7.8152504
9315092,3.6943815,2.1347718,6.7343745,0.0,68.9078,6.865786,11.813598,-8.928338,9.0509615,31.77199,0.8275368,3.5560377,11.318418,-11.125927
9315093,3.6071208,2.148146,9.477132,0.0,-100.682594,14.67494,25.976017,14.883085,-24.46656,4.198333,1.7700149,-15.630656,5.1140323,24.413944
9315094,3.597375,2.13719,13.845464,0.0,-127.06671,-67.57162,-11.9819975,29.84377,77.36323,19.047836,5.2012353,-7.224527,-21.374727,0.61140794
9315095,3.6181788,2.1388507,9.521524,0.0,-87.02142,-45.660397,5.632023,29.618446,33.943344,0.34222898,13.223885,-32.519108,24.440025,-6.6410866
9315096,3.6501179,2.1282856,10.054134,7.695267410542516e-05,-18.268246,-70.83443,-0.32750082,-5.4584045,53.98487,62.09957,17.828194,14.982858,-3.7428777,7.1105494
9315097,3.635296,2.1380467,8.472594,0.0,-66.72843,4.935476,-42.8876,-31.713614,-12.976253,-13.4553795,37.092094,-20.585915,-19.985067,19.57986
9315098,3.6270843,2.1316617,6.369264,0.0,-47.87181,-36.745358,-9.697764,13.244487,-9.900591,13.057519,-9.805492,7.9566216,33.886444,-3.0630095
9315099,3.6109076,2.1357288,10.152659,7.695267410542516e-05,-93.63164,-15.660637,-22.51533,39.92373,20.350351,14.631312,4.30175,-43.46138,34.63162,-4.395928
9315100,3.606758,2.143006,11.066068,0.0,-105.27998,-45.538692,-10.28267,26.82986,-13.426118,-46.290943,27.825914,-28.098303,-1.6239088,8.747022
9315101,3.6477401,2.1349657,5.922937,0.0,-22.667149,23.545979,-16.650246,18.403418,15.520856,0.17125522,-19.475424,-25.820847,20.859814,12.339561
9315102,3.651821,2.1372929,5.0288124,7.695267410542516e-05,-13.63708,23.39745,-18.266382,-2.934512,25.013376,13.892314,-16.25027,-6.4335814,-7.014781,0.3553315
9315103,3.7074118,2.122908,9.628427,0.0,99.237465,-10.941772,-45.42436,11.244555,29.033861,12.410348,9.580525,-15.645848,21.14637,-9.046547
9315104,3.633045,2.144267,6.97829,0.0,-47.68161,17.622202,-19.181528,35.717094,15.834191,-10.16349,-0.020022819,-6.4891896,-17.3706,15.570811
9315105,3.6386752,2.138086,7.98194,0.0,-17.331789,-58.01809,10.020744,33.717674,-11.515596,14.847943,-20.888575,6.1311126,-39.8007,6.6756196
9315106,3.6868303,2.137879,7.466382,0.0,61.50076,40.888195,-29.415897,-17.96606,-4.0185056,-29.601904,-7.7550654,-1.9160795,20.261702,0.31806818
9315107,3.7034988,2.1233654,10.521897,0.0,91.50948,-70.92956,-3.748972,14.382935,44.83608,23.126112,0.8944833,11.132722,13.382353,16.263329
9315108,3.6570952,2.1331704,7.9611974,0.0,9.55337,-14.685391,-55.07667,-5.7620425,-38.885838,-35.708874,1.2043426,14.972073,-22.761812,16.711748
9315109,3.7884388,2.1284752,22.809074,0.0,279.79004,-46.081097,13.038261,42.463436,9.825663,23.734413,-13.496198,3.8142993,-13.931146,-14.18112
9315110,3.6371837,2.1381812,7.493742,0.00030781069642170063,-55.49468,-14.455613,16.853802,14.172033,33.670746,14.690607,3.4537573,-35.097572,21.136911,2.2053838
9315111,3.6863725,2.1267405,11.964774,0.0,65.52522,-100.4987,-18.314083,0.36986625,3.0586796,25.9994,15.915903,-0.92534834,-24.9202,-16.446348
9315112,3.6403637,2.1363819,6.6591372,0.0,-32.58367,28.909973,-59.752777,9.326669,10.519767,-12.649354,0.41094673,4.465098,5.069391,4.6239977
9315113,3.6608958,2.1493938,6.860008,0.0,-6.2791386,1.2888614,53.29871,-39.594913,-2.9176238,-7.776516,-14.598462,-16.026691,-3.5297167,14.881172
9315114,3.695716,2.139471,8.81975,7.695267410542516e-05,61.572327,49.443665,3.32109,-6.6965485,-30.929722,21.365555,18.630259,-20.51506,15.493235,29.95206
9315115,3.7587252,2.147362,17.702805,7.695267410542516e-05,199.02094,-35.655304,57.76272,36.825203,2.3221219,-40.440376,-9.987117,-9.277087,-5.65098,38.918575
9315116,3.6530507,2.1405845,5.3107786,0.0,2.114736,-17.641577,6.4294,22.437595,-26.35894,14.807325,-23.20116,0.34080297,6.3998785,14.284612
9315117,3.698017,2.1179223,12.30005,0.0,96.43723,-81.62643,-35.080326,17.906843,15.1305685,20.407814,-7.0737395,26.332628,9.014224,26.692577
9315118,3.623827,2.1370857,8.288313,0.0,-72.603905,-21.002766,-12.954642,0.6512939,53.154263,27.030169,-4.5042133,8.811866,-4.273073,-5.7824554
9315119,3.707304,2.1343234,11.338011,0.0,101.31432,-49.80864,-0.85233825,-43.4574,1.9332205,-41.119747,-1.3158201,-3.3944347,2.5205655,-8.027798
9315120,3.6272628,2.1356535,7.0550513,7.695267410542516e-05,-41.67124,-44.84874,-25.654222,24.32221,15.612202,27.212458,-4.56898,28.25474,5.3696156,-13.484604
9315121,3.6060002,2.1420074,7.741374,0.0,-88.53705,-3.4205518,-6.2589955,0.93772566,-12.967851,2.0072908,-9.87742,24.434319,27.985025,3.4447057
9315122,3.7260368,2.127015,12.635097,0.0,142.32823,-34.063877,-17.634453,-33.88676,36.89579,4.63132,-28.568064,0.4320426,5.363339,-11.205882
9315123,3.681512,2.1333046,6.294918,7.695267410542516e-05,51.53191,-33.337086,6.3970103,11.63647,21.789644,11.699698,-15.878947,9.276547,18.413614,18.17481
9315124,3.6591976,2.1433225,7.7266064,7.695267410542516e-05,26.70397,-30.879707,8.1378765,50.175545,-54.581287,-11.261951,-6.4489403,8.603239,1.9318651,10.722998
9315125,3.6662066,2.137874,6.3321686,0.0,11.361858,18.50553,-11.202835,-43.77204,14.764945,-33.119408,-3.2559965,1.9221998,3.8288481,-7.4566107
9315126,3.617817,2.1410804,9.686471,7.695267410542516e-05,-91.086044,11.643386,-45.068916,-7.451602,41.882072,10.828283,14.555055,7.089075,10.681479,-7.3216543
9315127,3.677564,2.1371229,8.643237,7.695267410542516e-05,51.119724,-55.028942,-15.01485,10.91964,0.291212,-40.23994,-10.147787,8.236654,-7.3934474,11.9176855
9315128,3.6998525,2.1334612,6.7299676,0.0,72.35819,-2.6683204,2.5976236,-30.939043,23.189812,6.434929,4.5232882,-16.067932,-8.608248,3.1142545
9315129,3.6759722,2.1496978,8.886128,0.0,39.535843,38.09896,67.7236,35.3156,-30.7063,2.5580971,-19.069988,-15.004792,13.09235,13.8629465
9315130,3.657498,2.13784,5.32744,0.0002308580223162755,5.8358846,-27.840204,10.676039,10.233148,20.896856,3.089508,-12.102701,-7.003293,12.82721,-28.120298
9315131,3.6623926,2.1353943,3.776099,0.0,5.4222417,-17.11459,-18.432745,7.4802685,11.017763,0.008067521,2.95678,-5.0494685,-1.3500125,4.4167333
9315132,3.6348162,2.1382446,7.3036175,0.0,-28.887466,-32.392212,0.45597056,22.46742,-36.203575,-27.806139,-0.74397224,-5.157828,-0.08941259,-10.811684
9315133,3.6170213,2.1460469,8.994999,0.0,-84.08585,-7.9253154,35.149628,-20.35845,-5.349615,-33.01943,-13.54633,-16.58171,5.4039197,6.1243076
9315134,3.6723754,2.1349125,4.3523154,0.0,13.881174,-3.9913301,7.0847044,-0.155467,41.836777,16.684479,1.0852623,-8.905626,7.1507974,6.5100255
9315135,3.689495,2.135743,7.010207,0.0,66.25939,-18.801706,13.990049,-5.57682,22.90755,-19.216385,-16.253359,-7.0630474,13.398581,-2.703112
9315136,3.583723,2.1475587,12.331248,7.695267410542516e-05,-134.88147,-25.584743,23.569124,27.469328,-45.437817,-6.8144197,-17.886473,-27.16742,-12.632151,4.466934
9315137,3.7349832,2.1336424,13.279932,0.0,165.30302,-0.97509027,21.818445,4.3204384,7.7819653,-7.172473,-16.281078,-1.1546626,19.953154,-15.339178
9315138,3.6561184,2.1358216,5.5489874,0.00015390534821085032,-14.1376705,-11.850665,-29.218758,-34.96936,3.7334123,-7.3717465,8.644212,-18.38761,-17.464613,-2.9227765
9315139,3.644474,2.137612,5.574082,0.0,-30.330624,10.698884,-15.034541,-30.391556,-6.806381,-36.19655,-7.6481824,-1.0313392,2.5653117,11.397168
9315140,3.5998006,2.133238,11.684353,0.0,-108.603065,1.8129455,-97.3275,19.99862,10.526959,-16.943188,13.758072,7.1347823,12.201796,1.368885
9315141,3.6675274,2.1304736,7.275231,7.695267410542516e-05,30.311445,-3.795671,-32.854317,-30.090876,-29.90167,-25.021837,6.7536516,1.1498277,19.696934,-25.05816
9315142,3.5993226,2.1291447,11.962885,0.00015390534821085032,-120.066315,-57.206566,-34.215534,-10.484073,10.14556,17.762154,39.17371,15.812846,-6.664733,8.818192
9315143,3.596816,2.1538033,11.567257,7.695267410542516e-05,-108.11843,19.246143,45.99231,44.79874,2.851159,0.034389865,-20.896416,13.986528,-16.707407,15.096249
9315144,3.624442,2.1397758,8.203301,0.0,-73.7093,-8.943835,-23.803804,-0.1558358,-44.301556,-0.36394635,42.553963,-12.552495,10.648153,14.452447
9315145,3.6148279,2.1290703,11.681268,0.0,-88.22795,-53.0451,-40.755592,31.847734,67.44495,25.477194,17.105434,-17.592655,33.25757,-25.216385
9315146,3.706556,2.1279826,8.33932,0.0,89.224815,5.962281,-35.922787,-1.3332356,18.540934,9.29855,23.471405,-17.840633,11.34968,-1.6528904
9315147,3.604933,2.1400247,10.1786995,7.695267410542516e-05,-115.18668,-15.600386,0.106227316,-2.5051713,36.178535,24.908632,3.5636008,-3.5138059,-4.479698,-0.44214788
9315148,3.6527479,2.1465354,6.7552624,0.0,-16.494518,11.229895,-5.6507444,8.124502,-10.96431,-51.575703,14.237599,-18.937897,-19.860369,17.623278
9315149,3.7507536,2.128449,15.101428,0.0,183.4657,2.3433063,-32.923283,-33.034966,-2.156685,-20.57887,9.543511,-6.9686985,18.495838,-6.6599774
9315150,3.6640172,2.1346183,3.97527,0.0,-0.027012208,-1.6369561,0.4422328,-20.495693,17.046389,-0.87646425,18.071762,-4.517305,-5.0744166,-0.45971644
9315151,3.70124,2.1287057,10.318041,7.695267410542516e-05,93.343925,-44.252743,7.5438147,-27.765701,26.935366,26.294931,-26.530077,12.547853,-1.8923324,-2.623154
9315152,3.650169,2.1457622,4.911644,0.0,-26.561373,-4.5315137,-5.9415736,-14.921352,13.181094,-17.509804,0.4623007,2.8550203,-7.2593794,3.891271
9315153,3.6897547,2.1304402,8.93991,0.00015390534821085032,68.603294,-14.170517,-47.10828,-34.655067,0.2163942,-23.876654,-10.545615,3.2321093,15.248279,-11.466699
9315154,3.62829,2.132939,7.09563,0.0,-50.069996,-5.06349,-26.848526,-26.552952,-11.415539,-23.216597,-2.8628483,11.0142355,28.903831,1.2816218
9315155,3.7315776,2.1331222,12.855395,0.0,146.54034,-0.5249751,-28.12562,-22.59346,18.569653,-34.841522,-6.7652626,-11.041051,20.617262,-15.325686
9315156,3.6656587,2.1338603,6.7450056,0.0,9.076798,16.282898,-26.123787,-44.57522,-29.576996,-7.165969,-1.3110588,-31.912025,-1.366587,-7.339484
9315157,3.6590536,2.142711,4.4861655,0.0,-1.755123,-11.235147,16.147226,11.21806,0.15812682,-11.01653,1.768282,-25.940845,-5.1296005,-4.0622377
9315158,3.7198644,2.1357274,11.479256,7.695267410542516e-05,122.80351,-20.358444,30.091063,-32.68954,2.460716,32.51935,2.7150507,3.0190918,-21.798992,12.425024
9315159,3.690817,2.1318192,7.082383,0.0,57.59028,-8.718129,-19.7125,-41.377125,32.111565,-8.855372,-13.775544,-0.048323188,3.710306,-3.243893
9315160,3.6581988,2.1297407,5.3985276,0.0,1.8777609,-35.005577,-16.501097,20.104134,13.32157,-8.105823,10.21698,-10.25014,16.903187,-5.1298046
9315161,3.660904,2.135269,10.718574,0.0,24.737835,-96.97645,44.4843,21.762794,4.8893585,-6.464248,-4.0160265,18.005573,15.497861,3.0566347
9315162,3.650236,2.1385016,5.333751,7.695267410542516e-05,2.0420063,-22.079777,-6.6114106,8.297045,22.350662,-2.4398887,-24.484753,12.289848,0.4952933,-9.703348
9315163,3.6613355,2.138044,6.9522047,7.695267410542516e-05,-13.646629,-14.170548,17.774586,-25.973381,41.504845,-14.825716,1.6229254,-13.831931,34.64607,7.353792
9315164,3.662332,2.1422474,8.1839905,0.0,13.575661,-63.75229,10.682182,33.491272,8.799158,-22.860422,9.151285,-13.380465,-37.753,-8.538989
9315165,3.6715262,2.1345346,6.9391284,0.0,18.427628,25.506401,-18.06678,-60.396763,2.553204,-21.272984,4.7111654,-3.0671113,7.7365503,-1.0569026
9315166,3.6226206,2.1506722,9.476392,0.0,-71.4495,-23.686111,61.988113,13.695402,-46.284924,-15.993512,-0.77398974,-28.388447,-25.11527,15.907149
9315167,3.6897647,2.1412432,6.4502997,0.0,68.29424,21.086008,18.867775,-14.831064,0.55412143,-3.0379548,-6.6562076,6.3733134,-3.5667224,0.08688706
9315168,3.673157,2.1359186,5.383318,0.0,31.032814,19.527946,-21.686869,-19.562855,15.630118,-6.1706386,-14.020615,-6.746994,13.383127,-14.555407
9315169,3.6447518,2.1396797,5.998308,0.00015390534821085032,-39.250725,6.5972652,17.220982,-28.136625,34.356373,18.488226,-4.591009,-4.6296763,8.551278,2.7334309
9315170,3.6154838,2.1472397,8.339832,0.0,-82.66573,34.08449,-21.901737,1.3459915,-0.45020646,-9.88189,-15.919437,-5.8249707,-19.613834,-1.7869065
9315171,3.6200829,2.139064,8.591639,7.695267410542516e-05,-67.75861,-43.23857,24.825983,18.615715,-11.8696375,-17.082504,-3.6329129,-23.747015,31.867683,-0.9518936
9315172,3.6455154,2.1452763,6.828322,0.0002308580223162755,-11.750295,-48.559025,34.252747,-3.7391255,-15.488569,2.755737,-5.3207417,-1.5808764,-13.43768,-22.292244
9315173,3.583093,2.138723,16.24459,0.0,-157.16287,-64.83861,2.2864435,45.836563,76.65546,38.879444,23.09564,-0.19998483,-20.30934,5.5992017
9315174,3.5983984,2.132103,11.266912,0.0,-112.50521,-30.666975,-63.239426,27.798742,-5.7861977,-20.36962,19.855677,3.2810357,16.209959,22.156181
9315175,3.7086556,2.1390502,8.717705,7.695267410542516e-05,87.09513,10.412957,23.912685,-48.124733,40.460583,-11.057136,0.18025,-18.126707,-6.5771728,-14.056094
9315176,3.6663263,2.138028,6.178011,0.00030781069642170063,23.291676,9.557093,20.178747,-14.779043,-32.996147,15.952454,-9.780484,-11.050019,18.946114,-1.6217394
9315177,3.7138376,2.1272693,13.504733,0.0,133.92271,-74.37375,6.954481,29.651724,14.471095,3.432602,-23.643547,-3.0254092,6.8722396,-14.116219
9315178,3.6726716,2.130019,7.5458145,0.0,22.529995,-24.173334,-38.051544,19.709972,-30.125168,5.471368,35.694412,-0.09849538,-1.3966199,23.814959
9315179,3.6275418,2.1383793,7.345405,0.0,-59.259697,-3.680774,-12.824698,21.228315,25.424084,25.465885,-11.332897,-20.4317,-10.423637,-9.693296
9315180,3.6388893,2.14112,8.462967,7.695267410542516e-05,-52.030384,-24.70786,7.725294,-44.64234,58.35498,1.924714,-8.360072,3.5951848,-0.4528499,6.358265
9315181,3.6715426,2.133538,6.4116993,0.0,21.556885,30.686928,-49.145927,-11.986926,1.1726253,-29.091501,1.2061739,-10.484676,-10.365548,-3.8223395
9315182,3.6176817,2.134649,10.481631,0.0,-71.937996,6.1715217,-81.64439,32.088764,-21.215258,-35.889668,25.345675,2.1185277,15.061266,27.301657
9315183,3.6492033,2.1418085,10.420534,0.0,-31.137651,-82.11496,34.87367,28.774586,35.5896,-0.88574845,18.620426,-1.0385784,-41.90013,40.21851
9315184,3.6349509,2.1360443,8.680948,7.695267410542516e-05,-41.566456,10.394441,-39.338764,49.81537,31.435638,-32.906868,2.096054,-14.637229,27.940254,8.839316
9315185,3.7054222,2.1370823,9.931816,7.695267410542516e-05,99.184364,-35.55682,5.61876,-5.5783863,-5.940458,24.722246,-0.60961336,-9.389182,7.983022,-17.03976
9315186,3.6585023,2.1379666,6.3820996,0.0,5.401705,6.579195,-34.181328,-4.273915,-26.07229,-46.461147,5.038193,-7.952479,22.422499,11.436884
9315187,3.6009767,2.158047,11.643745,0.0,-121.541405,27.495104,51.933105,0.44983423,-52.71831,20.386644,-18.863657,-37.771503,-13.906171,7.2298875
9315188,3.6568727,2.1362164,5.757728,0.0,-6.189032,32.46277,-37.016594,-24.767124,-2.1444323,-20.704988,5.1817737,11.629845,-8.316421,9.838039
9315189,3.6640277,2.1400747,6.232729,0.0,4.553988,4.8371797,10.73405,-55.203667,4.7005696,-10.166288,-15.956747,3.0113523,6.62164,-2.9787445
9315190,3.6248977,2.1217124,8.471631,0.0,-39.058018,-58.782616,-38.162823,6.5139613,8.66655,7.4048543,-23.617178,36.0054,16.332756,-3.457544
9315191,3.6692185,2.1404529,6.4043875,0.0,35.23897,9.9041605,14.528213,-13.184166,-17.88662,4.6883197,-27.11012,5.2179666,35.605633,2.7787743
9315192,3.6305406,2.135347,8.2532425,0.0,-55.079,-16.258629,-27.267447,49.744244,33.025406,-11.108895,-12.391312,-12.999048,7.6756845,17.72443
9315193,3.704815,2.1346707,9.449498,0.0,96.16496,-16.013027,7.7489843,0.20066623,-41.954433,16.678553,0.37296277,-10.927258,15.812667,24.075382
9315194,3.6395793,2.1267173,7.6167126,0.0,-30.288076,-37.431107,-53.785408,19.388353,37.21402,0.7695578,4.6358986,-5.2170367,-5.6967306,-3.2866664
9315195,3.6979382,2.1300285,12.676772,0.0,100.95028,-87.458015,15.257035,24.253239,-20.882978,7.1605473,-18.281034,16.392653,7.4241266,-6.1752334
9315196,3.627113,2.135421,7.077453,7.695267410542516e-05,-57.624718,-27.880829,0.18142322,14.995443,-10.70866,21.961733,-1.2969687,5.081413,13.468705,12.588228
9315197,3.6343548,2.13745,8.539717,0.0,-50.93773,-40.24316,-5.4409075,-7.938643,13.193665,-41.679142,12.874191,-5.204078,8.497602,-10.427379
9315198,3.686214,2.1324663,7.563029,0.00038476337052712584,59.226555,-3.8453755,16.3606,-25.030556,-30.329884,-2.1272664,2.4152265,2.3496177,12.374536,-2.9774175
9315199,3.6806245,2.1411557,7.8940597,0.0002308580223162755,51.51492,-5.588213,-7.3093467,-52.909805,1.8106407,-34.25753,-22.373587,8.749517,12.761616,-16.880905
9315200,3.627938,2.1388557,8.68911,0.00030781069642170063,-73.27467,22.398087,-2.367338,-52.904255,-6.790908,11.26203,10.429693,14.817027,7.520198,23.61738
9315201,3.6807168,2.1340363,6.944871,0.0,49.09196,-7.9712095,-18.801758,-23.466755,5.072836,-17.4305,-9.121442,-3.0928967,11.860473,-18.67262
9315202,3.6317372,2.1314433,9.036362,0.0,-55.417393,42.470406,-66.85759,-33.302963,-14.225726,17.210155,3.6457758,12.321327,7.8664513,17.526752
9315203,3.6567757,2.1321125,9.583442,0.0,17.667086,-79.10189,-9.117457,37.227287,33.475903,-2.759248,-15.34427,24.904743,-27.06011,21.144783
9315204,3.676406,2.1402557,7.4140806,7.695267410542516e-05,14.856351,0.5865078,34.17892,-57.336414,23.156889,-6.7533636,20.063087,-10.060325,12.190806,-8.687366
9315205,3.630734,2.1378832,6.1711764,7.695267410542516e-05,-41.80936,-23.160555,0.7416755,7.0364738,7.4137077,5.009428,-18.682854,-19.754038,32.9376,-21.905565
9315206,3.6906643,2.1454318,8.6049185,0.0,68.80545,1.9087601,48.86563,20.88041,-6.023064,21.087112,-16.509203,-7.681981,-5.049924,26.890621
9315207,3.7238116,2.1271672,11.66998,7.695267410542516e-05,134.14378,26.747423,-42.462395,-39.557392,-5.037236,-8.57231,-8.444334,4.66989,18.73948,-2.3295164
9315208,3.6266887,2.1407106,8.512448,0.00015390534821085032,-71.12674,3.959469,28.524595,-26.335428,-34.818245,38.916035,14.858303,-17.41335,-4.443497,18.123842
9315209,3.6397696,2.1396763,10.152936,0.0,-3.1865678,-90.67513,32.55935,28.92963,-21.775257,5.718679,-26.46545,24.983727,-18.034061,-7.549186
9315210,3.5815978,2.142384,12.554024,0.0,-149.04572,12.008395,-40.280968,4.60349,2.5247526,-11.614745,9.19199,0.005312257,13.921047,6.799937
9315211,3.7061496,2.1278245,9.333941,0.0002308580223162755,90.35953,30.900438,-40.04656,-34.337193,-18.80769,26.517775,14.689804,4.3618584,12.526206,-3.8669522
9315212,3.7340846,2.1328723,11.595613,0.0,120.646255,9.042418,-46.472343,-3.7915237,20.23154,14.647067,48.160175,-0.42914325,-10.129926,30.054783
9315213,3.6056812,2.1426094,10.119281,0.0,-115.20621,9.136173,-14.723548,-4.2093925,8.463924,25.129234,20.550104,11.925887,12.311338,23.175182
9315214,3.671611,2.1383004,8.3468685,0.0,30.736814,-64.38292,38.245216,7.7864084,13.602434,-12.707348,-10.108361,-21.70935,7.6601415,-0.84353155
9315215,3.5806391,2.1562865,12.901688,7.695267410542516e-05,-139.23116,50.25784,4.2540116,-4.4342337,-34.317585,-20.966793,-39.78189,19.394804,-9.261617,-0.31863934
9315216,3.6423855,2.137541,7.754519,0.0,-35.886936,1.3535341,-33.207397,43.67716,30.487186,-9.300074,-8.529636,-9.649275,-5.618081,31.643435
9315217,3.5997853,2.1404164,11.467458,0.00015390534821085032,-119.93687,39.31458,-5.2754765,-30.128832,-34.358295,28.540457,-2.1265948,-8.867012,-16.494255,-8.637402
9315218,3.603648,2.144842,9.703667,7.695267410542516e-05,-97.62675,7.6986647,-28.831797,-10.293036,0.85090375,-27.383194,-7.2747808,13.373728,-7.5686107,-18.223179
9315219,3.7137601,2.1339924,8.754217,0.0,89.76296,-3.9324977,13.962467,-40.781544,-5.538833,16.342224,32.74267,-25.49744,-13.006448,-2.3774173
9315220,3.6322727,2.1364222,7.0741215,0.0,-44.65972,10.127313,-52.533936,-1.272533,36.510445,-16.617685,-6.0908113,12.759696,12.462157,-10.745854
9315221,3.7261848,2.1263437,15.96484,7.695267410542516e-05,147.51964,-95.3119,7.1305676,37.975418,18.778332,40.90325,35.871933,-2.4231706,-24.597017,-28.69753
9315222,3.6249921,2.1223204,7.8367524,0.0,-58.054688,-5.431369,-65.6928,-5.8014164,20.688955,12.867407,-0.5831084,13.867003,20.430334,6.466982
9315223,3.6798496,2.1418216,5.716146,0.0,39.945007,15.897291,-9.46511,8.410134,21.146158,12.39204,-10.400435,7.423276,-12.035315,4.513516
9315224,3.6950886,2.1521356,8.7846775,0.0002308580223162755,56.468456,25.10928,77.459984,-56.77737,-1.9233458,-3.8410385,-1.5313772,-22.086668,1.9461513,-7.12756
9315225,3.6387448,2.1315718,8.688487,0.0,-44.135826,-47.782253,-20.827188,27.435125,51.302544,-2.9104438,10.145869,-27.270594,29.846767,11.269752
9315226,3.6208267,2.1496725,9.2199335,0.00015390534821085032,-79.39734,-21.800346,63.00375,-23.588469,11.717955,2.5898683,0.9334178,5.5245748,-20.56118,8.69096
9315227,3.6027594,2.135914,11.294056,7.695267410542516e-05,-116.7786,-24.636435,-10.017938,25.585386,31.058325,14.746651,7.175152,-44.385044,38.00666,-3.0717678
9315228,3.6317267,2.1309683,9.052513,0.00015390534821085032,-61.222626,-18.698992,-36.379353,-60.989025,-21.60093,21.492004,12.422226,-5.0214467,-8.215913,5.371614
9315229,3.6259563,2.1345816,11.815324,0.0,-65.91501,-99.53877,-8.002802,47.99571,36.769917,12.52381,21.20099,-31.332525,-6.6427712,-4.8054404
9315230,3.717511,2.1211748,13.8045025,0.0,124.09684,-73.063446,-7.597888,45.586266,-10.925565,41.374832,7.5543466,-10.533593,5.8595777,25.10026
9315231,3.6336708,2.1306014,9.558653,0.0,-54.25298,-73.64315,-28.057032,3.9776366,-3.3256426,-12.2334385,29.402317,-14.792406,16.046328,24.28728
9315232,3.6645064,2.1296122,11.672891,0.0,9.494211,-106.99836,-2.52551,-46.3055,22.331852,-12.434234,12.974907,2.2490366,-3.183583,-1.2852801
9315233,3.6630137,2.1394985,6.3012137,0.0,4.0888605,-12.25906,-12.801292,-47.640816,-6.9011054,-24.543102,10.17086,-9.259066,-4.9784923,-1.2199272
9315234,3.6177843,2.142223,10.897094,0.0,-92.461876,-14.164243,9.498584,49.74804,39.346264,-18.221558,5.2381425,-42.275185,0.807247,19.466055
9315235,3.7024186,2.1346252,8.319105,0.00015390534821085032,81.64183,-10.327518,-14.443012,-42.100746,16.818123,-7.0613956,-2.7387164,2.4172633,10.159496,5.7377234
9315236,3.6734183,2.1338606,6.414668,0.0,30.232021,-14.226342,-25.176851,-40.1326,24.508657,-17.653992,-16.738111,5.7694445,-12.824294,-5.2656674
9315237,3.7113972,2.1407945,10.463799,0.0,123.10552,-0.2749497,7.0128984,25.841309,14.514342,5.4406304,-22.742167,10.678132,-13.920073,-4.2825103
9315238,3.6674883,2.139272,7.903656,0.00015390534821085032,14.065809,27.322662,-35.50048,-67.5134,9.787239,-26.170612,-13.89831,10.083946,-5.1701794,-2.36544
9315239,3.6506412,2.1421912,5.8916407,7.695267410542516e-05,-10.314875,-19.216318,-17.345636,-24.42803,25.041964,-27.571033,-22.343975,10.063913,-9.366861,-7.107815
9315240,3.6892428,2.1318913,9.498254,0.0,53.92716,-55.798687,-11.729524,-19.702282,-4.5459046,-46.77765,11.999253,-13.502714,-6.4223533,20.853453
9315241,3.6636963,2.1420376,6.1902623,0.00015390534821085032,-12.407191,-5.362946,30.754759,-29.334997,7.3275385,-10.116809,22.335415,-18.701252,40.44843,16.164736
9315242,3.6668077,2.1370227,4.7503233,7.695267410542516e-05,18.064669,-3.053257,-12.017486,-7.2890368,14.911929,-8.471145,-7.6370664,-22.541248,12.667512,-17.30007
9315243,3.7091985,2.1312551,9.909876,0.0,84.17072,-45.697414,41.923138,-52.713776,17.505775,16.415934,13.451358,1.0485623,7.3818955,11.208815
9315244,3.7366662,2.1277096,20.59909,0.0,193.45435,-102.666405,-37.788124,89.750175,-30.802631,-25.637999,1.4878845,12.140572,3.8701468,2.6250155
9315245,3.6713462,2.141442,4.972095,0.0,29.754198,-32.399452,18.689627,-7.6315494,-3.080246,-1.1342993,6.508254,9.81509,4.510878,-1.6089499
9315246,3.6327088,2.142078,7.2564864,0.0,-56.866226,-0.3987164,2.8379703,-27.04826,17.066036,-27.509674,1.2611846,-0.4417966,10.022392,-12.718221
9315247,3.7123883,2.132214,11.651841,0.0,111.315704,-35.16043,13.6695595,53.48383,7.200415,24.626293,-13.361494,-41.25316,-1.888021,-6.9509587
9315248,3.5818346,2.1497846,13.680471,7.695267410542516e-05,-141.57707,-41.050667,64.73082,-5.255195,-52.280685,17.753595,-0.23957497,2.3117206,27.190262,-10.063784
9315249,3.6914964,2.1278384,9.111709,0.0002308580223162755,69.422226,-43.81682,-24.383987,21.304422,-22.518694,21.595137,9.436266,-2.7877324,-12.182576,36.10766
9315250,3.6958804,2.126541,8.413693,0.0,65.35696,-2.8051336,1.2931508,-13.335427,-9.301487,69.85064,-4.836202,-14.670877,14.887036,28.304527
9315251,3.6166203,2.1389313,8.3871355,7.695267410542516e-05,-86.02865,4.2164345,-7.4731793,-35.73116,11.707134,3.6079352,-10.236609,1.9306643,-22.125069,3.0557084
9315252,3.6561973,2.1375551,7.011648,0.0,-13.492584,-0.39217305,-10.230431,0.27044,-57.468338,15.4971285,40.298573,-29.630175,9.496094,13.149175
9315253,3.6274757,2.1440785,9.081396,7.695267410542516e-05,-70.64846,45.005062,-19.601858,-39.732002,28.174582,-20.54178,-8.402484,-9.704292,19.832384,-10.225054
9315254,3.6489413,2.1374407,5.969079,7.695267410542516e-05,-30.271124,-24.829983,20.048834,-21.003368,33.65079,22.41836,6.102683,-5.701493,2.760176,-1.5305269
9315255,3.5852976,2.1288528,10.756288,0.0,-107.7338,-31.411007,-64.67275,31.315577,-19.418013,29.811792,-25.248756,34.947456,-3.9334278,-21.457474
9315256,3.7182524,2.1329877,10.774237,0.0,112.99289,-18.290014,0.058763333,-31.397387,-2.0211358,0.7814168,13.422364,-17.9225,16.729126,-20.624622
9315257,3.5916595,2.1353881,12.079548,0.0,-119.420166,-55.06124,-2.0463326,51.285625,16.143847,19.756355,-2.2967708,-24.705854,35.658894,-2.5329673
9315258,3.666362,2.128536,7.24903,0.0,7.516099,-52.548622,-18.835388,0.86947334,16.049053,38.943478,25.870943,-11.484453,14.34492,16.73774
9315259,3.632106,2.1391077,7.9912634,0.0,-70.84517,8.852885,-22.011219,-10.779241,46.479683,11.1950655,12.017253,-6.446962,-4.9196444,6.438652
9315260,3.6675546,2.1368766,3.9077501,0.0,8.697575,21.179619,-15.144626,-21.114725,9.95899,-8.891078,5.373015,-15.000267,3.0443587,6.1681714
9315261,3.657048,2.1385338,4.2080607,7.695267410542516e-05,5.533654,-12.057719,-11.15472,21.784796,19.213749,-11.969968,-4.454315,8.256164,12.279704,-0.69540566
9315262,3.6620162,2.1354816,7.7012477,7.695267410542516e-05,7.13765,27.4465,-36.11638,-49.952763,-51.0152,-30.233324,4.101754,-21.200106,6.390968,-6.3480964
9315263,3.6518595,2.1429288,5.535678,0.0,-23.284887,-29.375233,24.098177,-15.249008,9.4679575,10.100993,5.9988313,-13.098957,-30.37517,-1.0878552
9315264,3.640942,2.1332192,6.1492023,0.0,-37.236652,-30.23391,-25.871275,-19.735914,0.8889865,-8.96369,9.235244,7.0199337,-11.168692,16.96188
9315265,3.578714,2.1492615,13.971189,0.0,-160.08693,-14.811163,-12.879553,28.302444,38.971985,11.763057,18.631878,1.6370546,-14.397787,-16.22727
9315266,3.595738,2.145284,10.99959,7.695267410542516e-05,-131.08905,-10.00292,16.093964,21.632084,-12.505099,21.660975,-1.4677793,-26.342752,6.0922832,3.6311119
9315267,3.6552377,2.1334949,5.4319363,0.0,-23.26764,-9.787351,4.531643,-27.17472,10.087205,19.91465,2.350454,-28.848505,-18.92795,2.9617264
9315268,3.6757183,2.1412554,5.6718154,7.695267410542516e-05,18.310068,5.8650784,-14.181538,-45.601204,22.248201,-10.775762,10.358093,-15.276951,-0.45118576,-0.51717454
9315269,3.7376654,2.1363518,16.696272,0.0,155.33395,-102.914444,46.192867,27.734756,16.691574,7.7703395,29.796621,-18.429134,-8.502779,-5.0765324
9315270,3.6378326,2.1471565,6.557882,0.0,-44.983227,32.234463,-16.633451,-24.707628,9.222153,-17.262138,-13.411072,-12.583443,-13.816373,-8.973852
9315271,3.7791445,2.141565,17.878157,0.0,224.42065,4.009819,57.250355,-5.7167015,20.488178,-1.4569246,2.9212441,-19.00268,11.268545,-6.066139
9315272,3.708965,2.1261365,10.901371,7.695267410542516e-05,113.373055,13.304498,-63.01938,-26.212973,-10.033207,-29.512625,-7.0109954,0.7142914,18.967272,-14.5697155
9315273,3.6540992,2.1367955,5.3496,0.0,-19.472952,-12.58056,11.845575,-41.698505,9.47965,18.573551,6.6225004,-15.181745,7.618647,-6.584752
9315274,3.6883519,2.1370568,9.074982,0.0,84.035164,-40.33973,-2.04264,20.363466,-11.987902,-1.1937376,-26.526968,19.033684,8.158359,-11.392771
9315275,3.6405935,2.1412323,8.489521,0.00015390534821085032,-52.03314,-15.376728,2.4446821,-64.305534,-7.516902,-29.294096,1.2327595,-24.5829,-5.922764,-1.4835842
9315276,3.7261145,2.1351013,13.593138,0.00015390534821085032,150.41295,10.423395,9.535543,-32.256042,-13.649132,23.370096,-45.460243,0.65050685,3.5113611,-11.275831
9315277,3.761042,2.1262739,22.25122,0.0,238.33635,-95.90824,26.65263,32.213154,-34.589417,3.75965,-10.598399,12.732588,9.058775,-29.665321
9315278,3.6917844,2.1388383,7.833021,7.695267410542516e-05,60.08111,-30.692036,38.072056,22.377602,49.860657,21.35944,-2.5612037,-5.929329,-12.373937,10.647423
9315279,3.6000683,2.1394463,9.454519,7.695267410542516e-05,-105.42426,-24.33808,5.503873,-16.010874,-32.198208,-1.9258732,-2.7312925,8.6938305,6.7856865,15.9851
9315280,3.7067184,2.1354282,10.204917,7.695267410542516e-05,101.54356,23.211046,-35.49304,-46.004944,-18.85074,-13.144554,-5.596739,14.381859,18.865149,-5.578117
9315281,3.6594183,2.1337593,5.0761604,0.0,21.921543,-15.611994,-14.543298,25.957092,-6.3138876,-13.517778,-18.718931,2.865731,11.637554,-14.120942
9315282,3.6605067,2.1384003,5.928354,0.0,12.750868,-15.422652,0.47701368,-12.821724,-3.0314505,-27.779016,-3.625101,3.4700658,-11.394406,1.9618486
9315283,3.6654649,2.140428,5.1141915,0.0,18.013453,-9.7528105,12.861533,18.719648,26.398064,-3.3554785,-14.951417,8.451533,11.257734,-11.519037
9315284,3.6750402,2.1429157,6.957457,7.695267410542516e-05,27.898737,12.587479,30.428812,-54.12284,4.640046,-4.348683,-7.6206436,-18.330767,3.076466,0.1575625
9315285,3.6531837,2.1405535,5.6380463,0.0,-0.9933441,15.0105295,-3.177357,-0.55280894,12.538936,-42.98645,-34.147003,-9.487461,11.9116125,8.715374
9315286,3.685539,2.1287868,6.407998,0.0,62.393753,12.109443,0.0978517,-9.622737,21.327213,17.287199,-28.00083,6.334285,20.70949,-4.0083394
9315287,3.7140973,2.1393328,12.394456,0.0,103.63391,-66.83303,74.92211,1.6669216,30.08341,44.39513,5.763753,-8.805052,-1.799713,-6.1631246
9315288,3.6243963,2.151131,7.731168,0.00015390534821085032,-54.60632,-27.556358,44.600334,-4.514871,-38.671432,-22.888138,-3.449195,-8.396405,-0.6240248,-13.652543
9315289,3.6860232,2.1359427,6.6429906,0.0,55.476524,-21.239426,11.454189,-7.6382213,26.754036,-24.302765,-11.497626,-12.174608,17.153078,-0.030242309
9315290,3.577953,2.1406672,14.431025,7.695267410542516e-05,-163.82309,-52.211594,15.81713,-12.703182,-3.0695148,-27.45503,5.3526435,-2.0115724,11.539486,30.899694
9315291,3.6050289,2.1468058,10.150734,0.00015390534821085032,-108.71037,-45.830402,23.918941,-11.210666,-16.092182,26.170471,17.378393,-9.853396,-15.830854,-6.435787
9315292,3.6054015,2.1396847,9.666216,0.0,-87.2144,-54.72152,20.450682,-6.725477,12.27166,-13.634335,-30.556267,4.5795965,-9.382153,-9.065667
9315293,3.7090414,2.128089,9.542494,0.0,103.97356,-22.91938,-31.569925,-18.015236,-5.616989,0.507578,1.3977511,10.964294,3.109761,4.9229045
9315295,3.5834658,2.143933,12.927498,0.0002308580223162755,-143.00075,45.927395,-28.263826,-26.697329,-15.745425,-20.935007,-10.893624,14.031199,8.511318,-1.5125022
9315296,3.6213846,2.1400237,6.632483,0.0,-62.739124,-18.031965,-19.988348,20.829222,13.114333,20.088978,1.5513803,16.040257,-3.0426192,-18.024206
9315297,3.6275554,2.1349235,12.807919,0.00015390534821085032,-74.07788,-89.80363,34.82564,-31.092346,31.341013,67.99967,23.126596,4.2778497,-3.3811214,-8.469618
9315298,3.6888824,2.1339335,7.347648,0.00015390534821085032,53.101692,38.164265,-23.593348,-34.468,35.386784,-7.152306,-19.094286,-1.8257054,12.178666,-3.2166307
9315299,3.6210256,2.1373956,8.197323,0.0,-72.6572,-22.096527,1.5018703,24.276506,31.877535,27.83899,-11.514671,-16.407948,-7.0104446,-2.2347984
9315300,3.6438267,2.1315012,6.215065,0.00015390534821085032,-27.611725,30.212484,-40.32409,-29.618639,-0.82620436,18.06266,14.16836,18.4054,13.018648,-3.831337
9315301,3.621978,2.1424863,7.36979,0.00015390534821085032,-72.00335,26.365873,-10.871817,-8.388201,1.0740514,-11.66841,0.9454493,-9.13237,10.803223,10.6929865
9315302,3.6604037,2.1336813,3.8994124,0.0,-6.1284447,-1.6909494,-3.3429148,0.75994104,22.451275,-4.0631976,1.2095175,-15.811685,22.561344,8.580702
9315303,3.7100117,2.1329873,10.084967,7.695267410542516e-05,95.93466,-20.141544,22.01514,-54.760693,27.817684,20.927225,-19.545605,-9.161057,-7.0053706,-8.201924
9315304,3.660772,2.147228,7.589196,0.0,-6.379061,-42.518513,45.420807,-36.233395,15.370049,-37.85705,27.831879,9.142349,-9.80692,3.329898
9315305,3.6381779,2.134921,6.020309,0.0,-22.715359,-11.301681,-39.45332,4.0401707,-41.201717,8.490284,-12.32174,21.182032,-6.8976893,5.687973
9315306,3.7063758,2.1337223,7.980185,0.0,89.05783,-5.7535343,6.9371595,12.581464,16.558338,27.82498,11.495383,-8.366934,5.865294,0.16321494
9315307,3.6880097,2.1368382,7.4940104,0.0,49.454628,42.76004,-45.422062,-15.705874,-8.999713,-4.685288,24.83543,1.6893889,-5.630279,1.1641874
9315308,3.6658292,2.1413305,4.5093765,0.0,-3.382621,3.8930535,8.097826,-7.5905943,26.140364,-8.91473,13.700249,-3.818487,17.297503,13.9644
9315309,3.6579435,2.1479461,9.852267,0.0,38.28955,-52.578136,46.190517,45.019,-49.629833,-7.8153515,-27.747389,19.312504,-5.028152,-18.09855
9315310,3.6418786,2.1307344,5.6049247,0.0,-28.05462,-10.623142,-40.08531,-14.297517,-11.613146,1.6556629,6.0979514,-4.7652435,21.490038,-3.1281147
9315311,3.6843822,2.1375632,6.392565,7.695267410542516e-05,48.68772,-5.0555305,3.9762027,-28.271189,-5.9615846,-5.222007,-17.620195,-18.431553,-10.307956,-12.094561
9315312,3.6584296,2.1395311,4.3501735,7.695267410542516e-05,-5.758277,9.863425,3.902868,-7.48122,20.370237,6.0081606,-14.567157,-1.5429767,25.43344,12.894681
9315313,3.675814,2.1371014,7.464593,0.0,33.652027,8.223055,21.786465,-48.547043,-35.848408,21.616499,-17.484446,2.1592338,16.6348,9.495115
9315314,3.7268784,2.1354628,14.113043,0.0,149.06972,-62.63862,21.612062,-28.139612,30.831158,9.59916,-21.622135,19.58644,9.320649,-20.09284
9315315,3.7509453,2.1287432,16.593414,0.0,193.01123,-43.04882,37.42134,1.8650815,-15.192524,26.236124,-2.1745934,-0.74767494,16.206194,12.462297
9315316,3.7058532,2.1341522,11.448813,0.0,104.58417,-46.40976,0.18660383,-7.831914,-51.009254,-2.0815718,14.409222,-3.3620784,-20.127853,-9.589587
9315317,3.635232,2.138398,7.441318,7.695267410542516e-05,-33.396046,-26.874916,4.4924784,-38.241287,-20.435705,-15.2359085,-16.233032,-0.9819359,6.4405937,-3.4005103
9315318,3.6890223,2.1252563,8.789306,0.0,64.64018,-35.588753,-20.93914,-3.8357031,-24.509172,20.344332,27.43443,23.215094,40.131992,20.735546
9315319,3.6329713,2.142539,5.9374256,7.695267410542516e-05,-36.78362,-39.994835,14.394733,12.125305,6.0215454,-7.7120776,-6.156678,3.438518,23.512,-15.376491
9315320,3.6805534,2.135425,7.337005,0.00015390534821085032,55.86201,-15.1856165,-6.8030324,-19.869669,-9.567251,7.0954623,-33.287014,-0.849563,5.831173,-7.0430875
9315321,3.7178693,2.132076,11.652155,0.0,132.74269,-21.01537,26.555674,-0.09094686,30.068098,2.7462857,-45.298172,9.660929,-7.0161724,-3.7015443
9315322,3.6425416,2.1424193,7.110281,7.695267410542516e-05,-44.891518,16.92911,-4.978012,-43.108517,4.5735726,-41.59145,9.62233,-25.31181,3.355375,-2.516107
9315323,3.711825,2.1318822,8.980887,0.0,102.46012,18.723227,-12.2835865,-30.129034,-17.295074,7.1289334,0.76418775,-12.721449,4.0231714,-4.5101805
9315324,3.6230338,2.146925,9.083598,0.0,-79.22272,-7.7348166,19.23649,-48.23448,-23.989315,-18.000387,4.33314,1.8367834,-6.479879,5.853642
9315325,3.6055887,2.136584,9.410119,7.695267410542516e-05,-101.4283,-9.50999,-27.748123,-12.856068,22.38525,3.7336707,-8.189852,6.4295464,12.748352,-0.8388501
9315326,3.6802688,2.1180768,10.439271,0.0,63.758816,-70.59875,-54.37947,22.906158,29.1222,-0.21186176,-11.146233,24.00085,36.69045,12.819481
9315327,3.7139232,2.1294663,9.604757,0.0,111.3763,9.935756,-21.040283,-19.818571,5.388036,-7.1306496,-6.2025547,-10.848356,18.489355,-12.14137
9315328,3.6320295,2.1382608,9.267312,7.695267410542516e-05,-64.358185,-3.6856441,15.758452,29.623861,64.67673,40.44303,4.4060326,-8.687766,-16.268467,-2.8966837
9315329,3.66591,2.1330714,6.6387076,0.0,32.11555,16.955942,-37.132183,-12.938163,-2.6574259,-32.106285,-19.849194,11.075922,16.68382,-20.029184
9315330,3.627377,2.1354668,8.821663,0.0,-58.485508,-30.939354,-34.80177,26.767632,-54.218075,-7.031544,32.391186,-24.04498,11.16427,6.8678026
9315331,3.627789,2.145209,8.31961,0.0,-69.80989,-11.342902,17.524689,-8.583315,-50.157566,-20.141216,11.632163,-42.74931,-11.857508,-3.2173269
9315332,3.6358562,2.1458251,5.5847926,0.0,-48.955532,-1.4212624,27.634169,-14.908961,11.077028,17.975557,-12.135181,-4.6293097,-6.5969286,-0.7964195
9315333,3.6131406,2.1451774,7.796183,0.0,-79.93011,-21.641926,-10.988158,31.687151,-27.62061,-3.7503877,-16.575758,-13.643366,-0.54301435,-7.9064746
9315334,3.6361904,2.1388175,7.037388,0.0,-25.778297,22.356678,-26.626175,56.754898,-21.19391,0.22995897,-18.60317,7.1643767,-3.512216,-2.4482586
9315335,3.6286352,2.1417384,5.9305644,0.0,-50.246365,-20.147455,15.953609,3.8687282,20.573885,-15.899455,-10.203116,7.046178,19.462337,4.977377
9315336,3.7080002,2.1406434,10.224889,0.0,92.35015,-4.447452,-12.464909,-35.020313,-18.464016,-46.904408,-7.2042103,9.772281,-18.13102,27.38842
9315337,3.620347,2.1411023,9.787648,0.0,-59.145287,-80.78867,12.862573,18.11209,-32.856056,-16.493938,17.606443,12.595964,15.217729,-3.250749
9315338,3.6454864,2.1303647,6.3514543,0.0,-24.891644,-35.967045,-15.872656,-15.043355,-19.793156,46.099735,8.871573,10.258233,-11.650958,12.897647
9315339,3.6471908,2.1316233,7.6739955,0.0,-10.877043,-49.065166,-41.221714,16.722486,-26.558775,-14.884136,-5.8353634,-10.793778,15.352183,8.625237
9315340,3.658939,2.1341689,5.52506,7.695267410542516e-05,-12.253454,12.251494,-4.102451,9.706733,17.775936,33.412758,-12.829123,-25.14642,17.127401,13.601531
9315341,3.619492,2.1464663,8.869972,0.00015390534821085032,-89.783,30.83029,-9.9081335,-27.343016,16.404266,-1.999848,1.7700777,-1.1534182,-4.1749578,11.648748
9315342,3.653697,2.1407332,4.881941,0.0,-1.9999738,12.244444,-9.145561,6.850733,-45.497337,10.3731165,-1.8562181,-3.1529574,-17.504675,7.517445
9315343,3.6633725,2.136194,4.72231,0.0,1.8425109,26.424952,-22.525686,-11.851919,25.502615,8.373243,-2.288325,-7.451725,6.416336,12.300468
9315344,3.7577806,2.131183,18.378866,0.0,214.24107,-31.929882,9.605931,45.58009,-34.099678,2.8446298,-7.039702,-5.1022224,-12.037869,11.473927
9315345,3.6210027,2.1513104,7.721413,0.0,-61.664112,31.175528,19.938221,12.452815,-25.429575,-12.611312,-20.296606,-0.73154193,-27.435108,1.470412
9315346,3.6502554,2.1381216,6.126058,7.695267410542516e-05,-16.987194,48.240143,-29.463934,-21.688972,-6.8590927,12.863076,-7.3485627,-10.638238,0.7205513,1.5639262
9315347,3.620114,2.13837,6.901483,0.0,-65.30031,-6.4780335,-24.983946,-3.9840496,-26.604954,17.657759,5.9633656,5.4513407,-23.708532,-8.6263275
9315348,3.6758254,2.1347716,8.092095,0.0,47.94163,-48.34268,12.184067,6.942177,2.2601967,-29.130669,-7.5442123,1.1129392,28.16867,-17.429031
9315349,3.7108402,2.1453838,9.471622,7.695267410542516e-05,93.62774,-18.652359,57.39588,-17.633858,3.6966372,10.019277,0.67873484,-23.075514,0.5328826,2.0063207
9315350,3.676711,2.137382,5.732007,0.0,30.71388,-32.91093,28.397682,-10.965302,18.911322,2.5300741,-5.333025,-4.570932,-5.230267,-1.8576376
9315351,3.6396859,2.1332383,7.1455503,0.0,-35.014683,-50.858616,-22.02081,16.749594,18.231934,-13.764392,7.248509,-6.8748407,23.59048,21.412455
9315352,3.7031322,2.1351264,11.731274,7.695267410542516e-05,94.36562,-74.20669,30.667683,-19.547382,-19.831795,17.634336,4.187818,3.0272393,4.1680894,-3.7347865
9315353,3.670265,2.1385663,4.290122,0.0,19.539755,8.52994,23.303223,-5.4999385,-3.3700533,9.202393,-5.583128,-19.801403,17.341137,-3.0884032
9315354,3.743227,2.1377451,15.738138,0.0,173.0066,-52.713852,42.19527,2.8839686,-20.684309,27.678638,-4.6724944,-0.56854224,2.2231193,4.884158
9315355,3.6402016,2.1369178,6.118457,0.0,-41.774097,-16.926561,-17.211472,-26.449894,21.056562,-6.7389646,10.759881,-1.1984768,-9.363997,-4.559015
9315356,3.590728,2.138783,13.353662,0.0,-113.22725,-97.99862,21.131067,11.673335,-46.470764,0.86823803,-3.3780067,1.224804,2.293765,6.2281756
9315357,3.683787,2.138897,7.5141096,0.0,24.244925,2.4485414,17.71168,-60.825943,32.793186,7.0671134,0.85631937,5.427228,-18.032484,35.442566
9315358,3.648491,2.1357913,7.1042204,7.695267410542516e-05,-20.04491,-58.731304,-2.8083162,-10.750774,13.45207,-5.5887265,6.275556,6.2664824,17.409199,24.47786
9315359,3.7774131,2.136968,18.422604,0.0,230.45326,0.6512415,49.321682,1.8972853,1.7104893,-7.214093,-1.7891153,-20.787823,9.111321,-8.182798
9315360,3.735581,2.1250038,16.817213,0.0,161.6775,-103.52149,3.794735,16.393063,33.31689,6.380857,-1.5538026,-9.504383,8.984451,-12.832337
9315361,3.6704447,2.1360571,5.136676,0.0,28.91305,15.123252,-6.332609,-13.322603,33.28046,-4.8457823,-27.455713,6.7368464,14.078899,-13.139431
9315362,3.6751013,2.1449656,8.930633,0.0002308580223162755,38.439598,-48.33814,30.929728,-10.645541,8.556945,-31.924557,-17.284018,-26.849342,28.952564,-32.47734
9315363,3.6921294,2.133097,8.324443,0.0,86.04238,-1.318745,-15.615479,-15.437215,-28.955265,-11.233101,-27.367638,18.805666,1.09342,0.62681204
9315364,3.6280305,2.1344488,10.159176,0.0,-25.78935,-86.038216,-2.3706462,39.812428,-30.08038,1.257891,-19.772533,23.395584,-15.256477,-10.672367
9315365,3.6704285,2.1394506,9.373976,0.0,45.90079,-45.10005,-35.839535,-22.73709,-18.314837,-16.096474,-5.295997,22.74004,-16.824036,-34.90362
9315366,3.6982162,2.1312654,14.085381,0.0,108.4848,-101.90804,-18.173199,45.450714,33.64392,-1.2250127,-34.88522,31.124823,-18.542242,-9.1359
9315367,3.7402601,2.140878,13.621137,0.0,166.27567,5.299586,35.70968,-7.407082,-11.608643,-17.007776,-12.295832,-8.300278,-7.3991437,17.224257
9315369,3.6236334,2.1455283,7.406864,0.0,-66.034195,-17.509052,12.835341,-24.617958,8.091214,-0.0993148,-9.462477,28.243618,-6.2982764,10.550002
9316972,3.6620924,2.1335108,5.670636,0.0,0.90208316,9.887318,-34.26589,-18.548363,-32.031197,3.8327618,25.26487,-20.933481,-15.44901,-0.16126184
9316979,3.6324222,2.135833,7.727735,0.0,-58.774498,-8.391324,-33.033115,-32.408905,-30.571566,6.615552,29.42211,-17.72254,-26.338747,-6.3154235
9316986,3.6431673,2.1308687,6.292793,0.0,-28.75645,9.746258,-53.67817,-12.418466,-31.880405,13.329795,20.260376,-9.41895,-19.970339,-3.7857447
9316993,3.6426778,2.1347814,5.965479,0.0,-23.03937,8.684149,-35.607388,-20.346886,-30.996115,29.24392,6.8991556,4.000007,-20.599018,-15.146293
9317000,3.626998,2.137738,7.8641224,7.695267410542516e-05,-58.0283,29.748129,-30.199532,-31.344826,-31.653109,29.411121,17.789112,9.602467,-16.29646,-11.70438
9317007,3.6591542,2.1374357,6.7497044,7.695267410542516e-05,-0.5334836,30.804466,-15.893158,-42.804047,-28.552822,33.72436,10.433359,11.360086,-11.7108345,-5.2610703
9317014,3.6283376,2.1363556,7.452604,0.0,-66.48055,26.37383,-29.106554,-29.407145,-36.227337,9.897831,14.319667,-18.39808,-1.5408163,-3.546669
9317021,3.6614447,2.1384292,6.4559484,0.0,9.634018,15.824828,-23.947592,-19.872614,-51.02078,-4.5332613,10.090026,-20.669348,-29.301521,-15.652836
9317028,3.6030173,2.1415882,10.628025,0.0,-108.34223,31.309643,-28.980667,-37.052956,-55.95126,19.38683,2.0201795,-7.538146,-9.509104,-12.802449
9317035,3.6260555,2.141153,7.9450893,0.0,-56.452473,29.668062,-17.057985,-29.549603,-51.574993,22.196838,1.8815932,14.732638,-13.31175,-11.164224
9317042,3.656592,2.1342857,5.71984,0.0,-13.381684,-22.703354,-29.743654,-21.226648,35.928185,5.7374105,21.4023,-0.5208495,-16.796003,-15.5822315
9317049,3.6329846,2.1395302,6.901754,7.695267410542516e-05,-51.84943,37.596188,-22.195091,-16.225588,-42.06406,25.31263,3.384774,-20.348145,-2.179499,-5.9980407
9317056,3.6422372,2.1319017,6.0773325,0.0,-28.526934,17.95338,-50.17667,-10.963714,-31.92327,14.928011,13.852945,-13.2090225,-10.341965,-9.532521
9317063,3.716158,2.130136,11.964278,0.0,135.97633,-28.620977,-6.3380604,0.68132883,-32.94322,22.005957,-16.19687,6.950677,0.04460911,-18.535345
9317070,3.6056943,2.1287606,9.165058,0.0,-85.74672,-6.073294,-71.46764,4.7118096,-16.079634,10.3723345,0.012635114,0.18330105,-12.480886,-32.907578
9317077,3.62595,2.1406474,6.363128,0.0,-54.22837,4.546033,-13.133072,-13.05105,-28.342897,15.450923,0.41288838,14.284631,-19.973738,-3.3744671
9317084,3.5901916,2.1415334,10.573958,0.0,-123.22791,7.725076,-28.16862,-9.490448,-37.17312,11.322766,9.830242,6.2105284,-20.882683,-17.074528
9317091,3.6387758,2.141132,5.253663,0.00015390534821085032,-27.134375,20.101442,-3.539385,3.7676413,-17.58864,-1.2567004,-22.474918,1.0911578,31.402567,-6.739478
9317098,3.6274698,2.1359224,6.504733,0.0,-44.06733,-1.9707702,-47.585495,-0.37703684,-37.357178,-4.6755877,1.553016,-2.1172266,-22.972198,-22.755089
9317105,3.592896,2.1445508,10.250417,0.0,-105.59834,-16.21222,-3.6619508,45.375206,-30.451721,-32.844963,-6.898993,-8.946733,-23.48335,-26.895512
9317112,3.6106293,2.1404212,8.867044,0.0,-90.64981,20.206766,-38.36312,-28.087059,-46.33479,7.40379,-2.6214585,2.0571995,-4.214486,-0.27233613
9317119,3.642202,2.1316378,6.8416295,7.695267410542516e-05,-30.168959,3.735206,-39.428356,-11.739975,-15.151064,34.626305,31.822218,-8.225966,12.032676,-14.526342
9317126,3.6356995,2.1336482,6.576047,7.695267410542516e-05,-40.680775,-11.406806,-35.237724,0.7571523,10.6674595,28.230711,15.371954,-0.46592432,7.050916,-35.747936
9317133,3.7106643,2.133261,9.51005,0.0,106.952835,10.805886,-0.8324478,-4.117579,-15.10201,25.560005,9.207979,3.2747524,-21.396538,0.09388039
9317140,3.668609,2.1360211,5.547424,0.0,10.22258,24.254393,-13.663976,-32.861855,-26.18672,12.707756,7.9627886,-34.13423,-10.839275,-13.953061
9317147,3.6838517,2.1356068,7.284913,0.0,38.6053,7.82724,29.212614,-24.773426,-6.563491,62.235294,0.8284544,-21.951199,-12.859508,-11.469708
9317161,3.6589031,2.1387014,4.993511,0.0,-4.489152,27.77273,-7.4293094,-23.198832,-3.1834915,22.942902,15.575976,-3.2403696,-1.1074408,-19.704678
9317168,3.6725633,2.1384342,6.1406817,7.695267410542516e-05,19.29339,22.296864,3.5776808,-42.46995,-38.15436,22.699596,9.29552,-22.270643,-10.656178,-10.94092
9317175,3.7021384,2.1376972,9.262386,0.0,86.60731,37.46715,-4.263869,-45.085857,-26.770119,21.242006,-6.112481,-1.1674578,-6.601637,-5.886344
9317182,3.6457324,2.1336675,5.23138,7.695267410542516e-05,-23.195911,1.8653775,-35.203163,-23.43192,-23.93563,14.003007,5.667014,-12.147455,-3.5956616,-7.0264063
9317186,3.6780126,2.1259127,7.438476,0.0,48.047417,-22.283165,-32.13364,0.9894406,-31.717403,-16.62535,-0.22674349,-20.806255,-3.6208405,-8.000751
9317189,3.5982494,2.1397433,10.305976,7.695267410542516e-05,-106.44134,15.601671,-43.813232,-28.543324,-39.173153,29.688581,-1.0285081,15.874213,-20.4336,-15.492169
9317193,3.6509244,2.1358209,6.5118847,0.0,-20.957733,-17.44009,-31.090977,17.922043,30.70085,0.8014689,23.924562,-25.11932,-13.362423,-8.100133
9317196,3.6238413,2.1341918,6.8925,0.0,-52.86748,14.397906,-43.489174,-0.18212885,-44.37664,17.504393,-7.119641,-0.24001056,-7.981607,-1.9408773
9317200,3.6166527,2.1396208,7.7250943,0.0,-73.94457,19.38377,-40.146046,-12.832918,-29.121939,-0.3905961,-0.54254466,6.5632234,-6.968613,-3.880929
9317203,3.6527555,2.1329298,6.376644,7.695267410542516e-05,-26.753637,4.767267,-27.144007,-22.726395,27.756603,48.401054,13.996367,-16.688349,-15.34006,-8.005376
9317207,3.6554499,2.1369967,5.870524,0.0,-13.484549,32.796967,-26.086784,-6.2614326,1.8775591,29.143633,13.823689,-11.745351,-7.4527354,-22.285036
9317210,3.603047,2.1427097,12.884836,0.0,-107.21403,42.617325,-25.652756,84.25981,-13.369997,32.285164,-31.823744,-51.836227,14.807986,-0.87012565
9317214,3.6348884,2.1374667,8.885527,0.0,-40.82038,24.087374,-42.33609,72.77778,-0.6251723,18.088036,-17.690516,-32.92547,7.3798027,-8.108954
9317217,3.7262468,2.1333625,13.238683,0.0,147.31151,21.79586,-0.58875674,-32.483505,-52.130913,31.022923,-16.29865,9.157601,-2.7077162,-6.134897
9317221,3.6817944,2.1400735,6.0697656,0.00015390534821085032,40.36946,10.439017,-9.281436,-14.520395,29.934166,-10.139975,-3.4260492,-4.8367305,-18.322191,-3.548123
9317224,3.6427782,2.1429753,7.1709094,0.0,-44.768333,38.0712,-15.393823,-36.117233,-37.993397,8.3176365,27.594206,-16.878357,-17.371756,0.24060263
9317228,3.6329048,2.134657,8.363375,0.0,-44.502304,23.761494,-56.20947,-17.44265,-59.282066,26.39103,19.021759,-17.904312,-23.736183,-21.550583
9317231,3.6625037,2.1295176,7.744305,0.0,28.608433,-7.72281,-44.10345,42.718826,-34.33397,34.43983,10.226076,-9.188431,-13.283466,-29.074394
9317235,3.6270351,2.1320393,6.865451,7.695267410542516e-05,-50.458054,-0.08353009,-36.306732,19.681936,-6.0331693,43.140545,2.270307,-5.4803896,-9.526991,-31.693531
9317238,3.6573822,2.1386,6.8372197,0.0,4.313984,14.481739,-30.873478,-39.6759,-41.999805,11.6172285,10.2271385,6.949133,-18.783478,-8.953513
9317242,3.6606865,2.1303022,7.282143,0.0,12.902473,25.057673,-36.200813,-22.171886,-43.41416,48.755905,3.2214854,-0.23054093,-9.785961,-2.6386223
9317245,3.6583543,2.1409378,5.1072917,0.0,-3.399717,2.133973,2.6294107,-6.501188,-22.628756,-29.682302,10.593416,-8.217138,-3.522009,0.85762966
9317249,3.6261725,2.1328604,8.22034,0.00015390534821085032,-64.59349,-14.573743,-44.787006,-29.40001,3.9981692,-12.860184,12.458197,0.19043297,17.416891,-5.019457
9317252,3.6533208,2.1493237,8.188946,0.0002308580223162755,-18.9758,60.093388,23.258207,-39.349926,8.427981,-6.316211,-25.393986,8.155919,-14.885594,11.863851
9317256,3.7050474,2.1283722,9.093955,0.0,87.154015,-5.919911,-12.468966,-22.38318,-37.070843,-5.0324306,12.563755,-33.953888,3.4215677,-1.5078739
9317259,3.6680877,2.1398058,5.1291456,0.0,27.037443,11.127525,7.38008,14.03837,1.8205237,7.599562,-16.670258,1.0463039,-7.285732,17.083261
9317263,3.6900182,2.1412659,7.672091,0.0,69.79584,1.6128416,11.470885,5.2493243,-21.483494,10.42667,-1.7620554,21.395422,-10.998273,20.445757
9317266,3.6690438,2.1388547,6.965295,7.695267410542516e-05,24.548195,6.781382,-21.746422,22.896765,-23.02858,-27.396065,1.4824431,-19.528873,-18.03044,9.809202
9317270,3.6254723,2.140533,7.1835546,0.0,-67.89657,6.346191,0.26274577,-25.542051,-30.792244,8.407502,16.491812,-16.152197,-21.087896,-8.429082
9317273,3.6292777,2.1369019,5.7087317,0.0,-48.711258,6.821376,-25.279623,18.77873,2.973651,27.553143,3.5387542,-0.24992917,-3.8430052,-27.941175
9317277,3.6363337,2.1290154,7.8640594,7.695267410542516e-05,-54.119015,-15.5379715,-36.514465,-30.381453,37.45004,20.6964,16.467957,-20.777794,14.554361,-19.250828
9317280,3.6382637,2.1351466,6.711491,0.0,-26.944801,-11.5904455,-15.341041,-28.298714,-36.377827,36.768906,7.621583,14.662638,-16.58303,-16.085543
9317284,3.661802,2.14058,5.690172,7.695267410542516e-05,0.7304157,15.657122,-0.86562043,-39.340065,-19.63299,18.704647,17.981144,-9.042879,-20.571503,-1.680943
9317287,3.6999118,2.1363556,9.043617,0.0,86.53149,43.486675,-46.982883,-3.2663794,18.03445,-12.729486,-7.8070054,3.968117,-17.058516,-10.289076
9317290,3.6648862,2.1265173,6.110203,0.0,6.6289377,-17.540337,-30.584192,-11.548696,27.684774,37.27351,21.924349,-10.331765,14.53548,-24.835585
9317292,3.6910176,2.1303263,7.5998755,0.0,58.723053,-5.989861,-41.6493,2.0447443,7.5008025,14.827183,29.601046,-23.824783,-18.73133,-17.747147
9317293,3.658857,2.1379228,4.993547,0.0,7.2288413,25.198801,-22.422647,15.636642,-13.487628,3.25298,-4.1579165,-13.578626,-21.673693,-6.1287813
9317297,3.6419091,2.1416426,6.0916567,0.0,-32.720303,19.365232,-35.35246,20.058893,21.734436,-7.4852524,5.4775724,-4.7542815,-14.624949,-19.275314
9317299,3.6637766,2.1321983,5.8988147,0.0,23.947166,21.05622,-56.235386,-3.4117818,-1.0131387,-12.01604,-15.59449,1.2058061,5.856901,-19.413572
9317300,3.7233512,2.1278458,12.363329,0.0,123.97953,16.958351,-77.55896,-15.073045,-4.8349395,-26.810808,23.402662,24.515905,-12.643199,27.589542
9317304,3.645426,2.1356719,7.318123,0.0,-27.098421,34.480217,-55.37325,3.0717704,24.032936,23.891184,6.7841682,-4.1059766,-11.893959,-15.3646965
9317306,3.6425722,2.127928,7.264047,0.0,-18.21679,-18.421606,-56.848034,33.523636,6.571653,39.919506,5.182765,-3.2888923,-8.673377,-28.004978
9317307,3.6937296,2.1308997,10.033802,0.00015390534821085032,73.744064,40.502357,-77.40689,-7.1250725,7.9389668,14.811483,0.0960778,-5.24407,2.8125854,-31.04312
9317311,3.6473885,2.148969,5.478722,0.0,-30.321184,21.130354,19.88778,-29.873997,-13.521097,7.723655,14.3284025,-1.8835164,-26.748741,-12.9567795
9317313,3.6768541,2.1390092,8.866188,0.00015390534821085032,21.01975,-14.941829,47.35375,-65.6103,-20.699965,13.529292,4.4806376,5.371747,20.041443,16.740551
9317314,3.6731305,2.1392436,7.7050757,0.0,16.697548,20.401407,-0.21347871,-77.31015,-17.172184,-8.274907,-5.5671554,5.8035583,-0.80388016,4.4471755
9317318,3.6784723,2.1323726,5.880498,0.0,39.185093,-30.227812,-15.773595,2.1989768,13.115572,8.619978,14.67903,-1.8903562,-6.1467185,-12.158744
9317320,3.6772892,2.1391437,5.932417,7.695267410542516e-05,37.75428,24.108154,-3.3084137,-31.788237,-9.323195,29.367775,3.0110254,2.321596,-9.103551,-9.520669
9317321,3.6250267,2.140001,7.1309476,0.0,-37.66712,-3.2860339,-2.4216094,-23.181704,-36.96865,1.915594,-36.12006,14.889769,-11.718223,-19.061647
9317325,3.6762745,2.1377993,7.389599,0.0,21.949352,-23.865765,24.079805,-48.305756,-15.1104145,-14.19697,33.55142,-5.0724187,-5.1662827,6.9056077
9317327,3.6560476,2.133905,5.321094,0.0,-2.978371,-26.038956,-14.094275,-21.062244,-7.7749734,-23.35283,-0.6192935,0.3612324,9.264692,9.683353
9317328,3.6623464,2.1373093,4.156423,0.0,6.3195643,-7.732179,-13.296277,6.2867823,-9.826597,-5.456885,7.758693,-10.125663,1.8274043,-4.3333
9317332,3.6786423,2.1352072,5.430131,0.0,41.266243,6.4832363,-27.197481,12.20082,-12.310911,-16.566742,4.5653677,-13.58482,2.3354237,-1.3090186
9317334,3.6953964,2.1351826,7.0367723,0.0,71.421555,22.917065,-20.440962,1.6351911,1.4592787,10.218858,7.893005,3.595364,-6.3513947,-4.1689434
9317335,3.6544528,2.1462755,7.5570455,0.0,-9.792056,29.41191,-14.721444,43.345825,-15.811701,-10.069346,55.993896,1.6595978,17.027498,-21.0457
9317339,3.7175283,2.143037,13.217027,0.0,122.81327,-45.01377,101.65602,2.179952,0.58009744,6.003824,13.103733,-4.851149,-12.183222,-21.74505
9317341,3.6656308,2.1391397,5.083125,0.0,9.980382,-6.7218566,-22.524033,33.78485,8.443504,-1.1393399,15.664164,-11.568377,-13.134891,3.132501
9317342,3.6551433,2.1347764,7.1526594,0.0,-8.998976,-30.038704,-6.039131,-3.8866448,8.404951,-29.098673,-6.5506945,-12.587767,-26.265345,12.8120985
9317346,3.6858008,2.1347303,6.2432084,0.0,59.218525,21.058388,-30.02384,-0.64620936,17.110361,3.744711,-8.748535,11.944992,9.374295,-3.5570636
9317348,3.6460772,2.1386414,5.6002326,7.695267410542516e-05,-26.15463,-6.5354595,-10.970431,-31.530502,-12.934745,-2.1816337,0.49409965,2.1276753,-13.469178,-0.2215598
9317349,3.6898837,2.1197073,8.989524,7.695267410542516e-05,60.690754,-6.2322836,-53.937332,-50.48682,-15.936343,12.024025,17.573477,13.287479,22.794563,9.142022
9317353,3.6868823,2.1408503,7.0618963,0.0,62.315533,27.856897,6.2767243,-7.4663396,-42.56351,7.430704,7.6165853,-7.1479597,-12.082263,-5.2375402
9317355,3.6394687,2.1340299,6.7579975,0.0,-41.458942,-14.527388,-23.906075,-5.1779284,23.561789,36.42033,17.161427,-5.550088,21.54025,-18.83366
9317356,3.6622024,2.1396718,6.57599,7.695267410542516e-05,26.364582,21.990927,-18.987627,-8.276568,-41.522964,11.606876,-16.58241,13.763741,23.517307,-24.515657
9317360,3.6348124,2.1484594,7.1727962,7.695267410542516e-05,-60.639076,8.72293,23.20415,-42.761185,-6.8171067,-0.41648337,9.942869,-14.468068,-28.942442,-8.4470825
9317362,3.6401412,2.1439438,7.7239575,0.0,-45.62482,-22.253782,41.46571,33.074757,6.2038507,0.20286186,-5.5948653,-52.97514,-1.0146787,9.962804
9317363,3.611199,2.137971,8.36488,0.0,-94.38135,11.737967,-17.15701,-1.118374,8.119203,23.60936,-1.900452,-7.342051,-10.873015,-1.4622986
9317367,3.656074,2.1327076,6.01527,7.695267410542516e-05,-13.331164,35.96698,-29.829697,-19.704203,7.8148584,46.475452,3.8966482,-9.836274,-0.36791667,-14.690525
9317369,3.647473,2.141739,4.641029,0.00015390534821085032,-19.394447,9.007425,5.3152065,10.578174,-14.727749,31.25422,1.0099707,-9.456257,-14.938755,-6.397101
9317370,3.636138,2.1332703,6.790292,0.0,-42.655346,-14.077272,-30.933218,-1.8931645,16.430164,-19.704777,-10.628882,-12.592751,-4.524997,-11.608289
9317374,3.63395,2.132357,7.679737,0.0,-48.318657,-23.952385,-36.362446,-17.915253,22.05828,-26.676632,-1.5002455,-7.5566754,11.206167,-25.654337
9317376,3.6144295,2.138866,8.314397,0.0,-65.13653,-44.56648,-23.215479,43.015804,-26.466423,-13.312129,2.9469519,-7.973122,-1.6568751,-26.291183
9317377,3.6981237,2.143964,8.398618,0.0002308580223162755,71.36678,35.23642,38.53018,-40.343674,-26.669344,2.1693552,-9.456744,-30.534567,1.6839385,-6.0033183
9317381,3.6702478,2.1359804,7.836329,0.0,36.303696,-10.862505,29.087397,-2.9961042,-40.808662,48.061565,-15.198725,-1.6134605,0.6660243,-16.500288
9317383,3.70427,2.1453903,8.915771,0.00015390534821085032,66.61446,39.247852,55.123333,-52.557808,-4.005037,17.788958,1.0837762,-34.381294,-1.801303,-2.9943035
9317384,3.7139928,2.1349664,10.638895,0.0,101.42259,63.887894,-47.651207,-6.124699,7.662584,-10.279556,-1.9401356,-16.52744,-9.190934,3.6998677
9317388,3.6790283,2.140993,6.0982175,0.0,34.0898,14.4321375,15.896854,-48.406,-1.3678187,15.043667,0.6711113,1.4424027,-10.437336,-7.526186
9317390,3.6675482,2.130837,5.8245645,0.0,11.195501,-20.2077,17.988697,-1.398002,-14.76959,43.73166,17.32512,-13.885904,4.9270525,0.4234608
9317391,3.607719,2.1389563,9.039172,0.0,-98.37882,16.405363,-42.713295,7.55517,7.454545,31.985552,8.265528,5.4304023,-7.906655,-20.246637
9317395,3.7139997,2.1325946,12.571429,0.0,130.61891,21.663954,-46.45653,37.563335,-31.766642,1.236723,-26.05751,-16.90362,9.111536,-1.6756027
9317397,3.6762857,2.1312377,5.7193985,0.0,27.962881,18.917423,-35.034363,-8.342854,16.370945,35.09783,17.239954,-7.300623,-17.866415,-13.180472
9317398,3.7332232,2.1367862,13.731183,7.695267410542516e-05,146.63422,40.344757,24.276117,-43.164192,-35.055096,54.108963,-14.711132,3.8509057,-8.607616,13.5796585
9317402,3.7003136,2.1331537,9.590145,0.00015390534821085032,85.14711,46.774265,-31.834848,-36.388077,10.239937,16.454208,-29.511843,6.1683826,-21.196587,-0.5251436
9317404,3.6240463,2.133927,7.5751204,7.695267410542516e-05,-55.45492,0.3778407,-15.687468,-20.518805,-6.9501257,12.857622,-30.114286,17.8822,-8.503364,-3.7561805
9317405,3.6383777,2.1259313,8.530988,0.0,-26.119875,-49.789993,-52.957466,34.87545,21.070871,-15.689327,-5.434065,-3.4494963,6.3460546,-20.672203
9317409,3.6945994,2.1516252,11.027421,0.0002308580223162755,44.312298,69.10614,75.1534,-74.1176,-2.0985208,15.976708,-10.109443,-41.04368,-10.093158,-12.62741
9317411,3.6456358,2.13833,7.9969544,7.695267410542516e-05,-30.701595,15.511346,-14.888396,-59.03992,-18.397064,24.441975,-9.350429,-2.5830941,6.832357,6.6146283
9317412,3.6299324,2.1286497,7.917668,0.0,-53.58545,-31.516653,-50.041813,-2.2718205,15.396284,-17.563738,0.4048211,-3.9205825,-1.9963392,-10.748712
9317416,3.6748972,2.133253,7.5518236,0.0,26.297777,2.846279,-33.42244,6.0266724,11.814084,-33.160152,3.4487784,-14.5354395,-24.43673,14.776993
9317419,3.6159961,2.134071,10.4833555,0.0002308580223162755,-89.2147,23.877293,-16.000278,-63.02582,24.601278,19.330412,-9.549061,4.90725,3.8201852,-1.4447433
9317423,3.672673,2.1153252,10.824353,7.695267410542516e-05,45.872658,-43.62897,-90.681076,22.755278,-16.447542,11.171606,22.695534,-12.446731,29.629574,-13.627086
9317425,3.6720994,2.1214724,6.926446,0.0,31.475447,-37.517517,-27.929836,8.705755,12.559705,28.577408,10.8658695,-7.2092524,8.097674,-8.296152
9317426,3.6663704,2.1385531,6.448763,0.0,28.545164,7.345424,-44.03697,16.505714,-7.1039553,-7.1421504,-11.770095,10.495935,-27.663456,-12.289729
9317430,3.6865833,2.13111,5.756037,0.00015390534821085032,48.27981,0.079014234,0.61876863,-31.614408,1.3117559,11.986665,5.591797,-10.386415,11.764988,5.017775
9317432,3.6614041,2.147298,5.1361203,7.695267410542516e-05,5.6326156,18.092836,15.840494,-19.784533,-34.499794,7.5689874,12.532451,-6.5073113,-29.537174,-12.448602
9317433,3.6785743,2.1404042,7.341564,0.0,42.975693,41.434998,-28.881243,25.201824,-22.42548,-3.5412042,2.8976886,-10.854966,-3.2657683,-10.056089
9317437,3.718909,2.137519,13.578516,0.0,125.28268,-36.07616,44.25998,33.201305,-33.78373,-38.68457,18.158558,-14.815153,44.443638,5.766544
9317439,3.6815479,2.140629,7.150051,0.00015390534821085032,34.679783,41.203846,-31.655298,-4.4921045,18.247707,17.753391,19.055395,-8.848246,8.065306,-9.211164
9317440,3.7068164,2.1414008,10.418501,0.0002308580223162755,71.18649,76.445274,-3.931124,-37.19057,14.954267,26.137897,-7.6050696,-3.109805,-23.074938,34.364994
9317444,3.697354,2.1434162,8.025723,0.0,61.12321,47.553505,30.137392,-36.02568,-16.943638,21.788868,4.3649273,-5.7196627,-15.820281,8.506286
9317446,3.5830545,2.1452985,13.164781,0.0,-135.06844,-49.366047,15.272343,17.663094,14.320138,-49.643208,-23.86185,-35.98594,5.3138185,-21.566502
9317447,3.6613247,2.136066,6.966221,0.0,10.297507,27.101307,-61.658577,-4.442759,21.876013,17.904903,-10.213079,-4.79257,-19.82391,-19.000038
9317451,3.6226087,2.1480165,7.614623,0.00015390534821085032,-70.22645,9.934316,4.2661324,1.9797977,34.963776,-10.22706,-22.427435,4.2086024,-2.9289045,-1.0317605
9317453,3.6805701,2.1307154,6.28344,7.695267410542516e-05,43.53328,10.509447,-9.275904,-14.432662,17.8703,48.549988,-0.6875882,4.1549406,-13.698218,7.568473
9317454,3.682548,2.1311524,7.40991,0.0,42.49257,7.50264,-45.75391,-11.904247,11.489572,-36.879807,12.125324,-13.163277,-2.5032144,-2.7928188
9317458,3.65988,2.130009,7.214133,0.0,-6.7366633,2.6555831,-53.56496,-40.850193,3.5897365,-32.36375,15.396581,-7.6817303,-2.721186,2.7121136
9317460,3.6900003,2.1383002,9.276648,0.00015390534821085032,71.93492,29.192701,-31.69079,14.338933,-46.88268,-25.488207,11.45566,-16.548626,-15.060173,-3.6705108
9317461,3.6581728,2.1299,7.9265065,0.00015390534821085032,-2.8369637,-20.746199,-2.5606477,-68.285416,32.89671,16.8406,-8.471256,-1.5896215,11.773415,-20.171635
9317465,3.6224184,2.137557,7.1783276,0.0,-62.526,-23.242949,-26.333086,6.0221596,9.266572,36.916912,12.081511,18.069443,-12.078956,-31.852787
9317467,3.66704,2.138835,8.627821,0.00030781069642170063,5.298662,63.905663,-2.7890337,-71.56258,5.8409824,-3.0617664,-25.34517,-18.544024,5.025145,-6.0640044
9317468,3.6258533,2.1477616,7.2446556,7.695267410542516e-05,-59.780697,37.377205,-2.1588707,-9.902707,-24.171013,16.020346,-14.868142,-4.420099,-18.985277,-10.204998
9317472,3.6306987,2.1379685,6.922849,7.695267410542516e-05,-60.747223,1.5360109,-31.895185,-25.499836,-13.519003,-1.3636636,26.615211,3.0826733,-18.725231,8.4367285
9317474,3.6703417,2.1387796,5.480612,0.00015390534821085032,30.423283,16.301067,-6.4408092,-17.124514,14.1870365,-7.7367887,-15.505824,21.721992,3.58015,8.056028
9317475,3.716231,2.1340852,10.636615,0.0,117.7303,8.989351,1.2528809,-31.72633,-41.836956,23.008818,5.907829,-3.1113462,-11.584092,-7.6779284
9317479,3.7167792,2.1305306,12.3224,0.0,122.93088,31.86615,-69.51543,11.377329,-15.782931,-16.53803,3.2674298,-17.97514,-10.351995,-10.8902645
9317481,3.688888,2.1358721,7.255863,0.0,56.26818,49.38025,-6.9824247,-37.000862,-24.183012,11.162867,3.8558736,1.4362677,-5.6282763,-2.2152536
9317482,3.670519,2.1407092,6.00967,0.0,14.05006,52.021416,-3.4788332,-25.739126,-25.232172,13.439385,8.74838,-4.0404086,2.6595135,-4.0212083
9317486,3.678566,2.1315584,6.5724893,0.0,49.542522,1.8923181,-27.197697,25.794312,23.276505,0.785322,-20.183659,-0.39048862,0.5949207,15.611025
9317489,3.6456964,2.131935,6.3695436,7.695267410542516e-05,-26.311365,-25.47975,-4.780444,4.8213005,-16.619787,33.820965,27.018152,-22.093525,-2.7611816,-14.045799
9317493,3.7021303,2.1399112,8.563346,0.00015390534821085032,79.11556,-5.841823,22.040092,-57.84503,13.198009,0.69978386,-1.2807161,-0.88840544,-23.39122,-18.104662
9317496,3.6649811,2.1350572,7.2428474,0.00015390534821085032,5.054019,44.05321,-45.062424,-1.3359697,-1.7591367,10.602648,43.02649,-1.3144871,19.015482,-16.023874
9317500,3.6745229,2.1386018,7.078544,0.0,40.492252,-40.673042,-16.820068,31.92217,9.468476,-3.1547387,10.948567,-8.851894,-22.1038,-26.011683
9317503,3.6573265,2.14628,5.119165,0.0,-13.928394,5.606011,11.897081,-19.163155,-27.41966,-6.398982,33.368256,-4.726597,-17.59381,-0.7179449
9317507,3.6839075,2.1487343,7.1627703,0.00015390534821085032,32.23002,-2.104732,53.251698,-47.477615,6.79018,25.767864,20.176685,-11.679303,-26.66098,-1.5084076
9317510,3.695709,2.1475935,8.45292,0.0,78.380974,28.417845,15.731607,-12.577107,-11.746905,-40.83926,-1.5818211,18.578787,23.00797,-0.78505623
9317514,3.6305518,2.1420884,8.541353,7.695267410542516e-05,-47.229927,59.764797,-23.056787,-13.395722,13.964725,31.52335,-29.193232,19.770557,4.702186,1.346081
9317517,3.710992,2.1466055,10.127719,0.00015390534821085032,86.83848,43.131397,52.789337,-59.866825,-8.545727,12.208441,-7.8872786,-22.314928,-1.6030539,0.17683662
9317521,3.6355314,2.1395056,7.8224306,7.695267410542516e-05,-58.151424,13.37915,-3.5721862,-62.64632,-17.260916,18.405107,10.667521,-12.736654,-10.849245,4.339143
9317524,3.6586359,2.1358616,5.8415375,0.0,10.580577,-17.262741,-16.514782,-3.1255279,-0.9301357,-1.7597806,-5.459609,1.1428707,-13.371092,-8.389363
9317528,3.6259234,2.1465662,8.303488,7.695267410542516e-05,-56.2475,-47.89082,17.074097,-7.142672,-20.221703,-19.520515,10.79131,11.233498,-25.490065,-13.4538965
9317531,3.6159463,2.147845,8.214064,0.0,-83.45708,36.017315,-13.030812,1.5385323,-1.7103939,-28.009655,-0.5863864,-8.590138,7.7904043,-14.97831
9317535,3.7159643,2.133119,11.517836,0.0,123.66844,-26.030518,28.607471,14.76148,-24.571608,25.230059,8.610837,-2.301889,4.7397275,-19.376844
9317538,3.653234,2.1456249,6.3414445,0.0002308580223162755,-27.108435,17.357077,17.913177,-16.838512,16.244598,9.064683,42.651764,2.0756798,16.709719,-18.222761
9317542,3.6574526,2.1462204,6.9103165,0.0,-2.492953,29.346285,-5.118156,40.829834,-7.600637,-8.271026,47.143612,5.5685744,20.690956,-19.991356
9317545,3.654385,2.1395793,5.2309895,7.695267410542516e-05,-13.291585,-0.5545874,0.8945012,-32.096565,-22.755693,16.43981,23.209646,9.029707,-20.799492,0.695713
9317549,3.65894,2.1388845,5.4116993,0.0,-5.258386,6.6907196,-37.27544,1.4479928,16.35769,-1.1894338,14.48942,-22.024261,-14.321852,-18.809282
9317552,3.6896553,2.139526,6.7431245,0.00030781069642170063,47.822212,27.742516,-1.9475867,-48.34754,14.22742,20.953922,-2.8201637,-14.6818,4.027874,-0.28996152
9317556,3.710838,2.1402755,8.847032,0.0,103.52,-1.5077363,18.609138,11.750079,18.500086,-7.4372897,-9.028696,-5.3886175,-7.7448897,-4.2180715
9317563,3.6640606,2.1268835,6.527754,0.0,12.377052,-9.647647,-53.96187,-10.962298,23.269243,-30.309605,1.9698098,-1.6753184,-5.7199073,-6.9946337
9317566,3.7265754,2.1420631,11.366946,0.0,132.45778,10.672163,8.604866,-9.29577,-15.656317,-12.724414,5.809061,3.3543406,-20.013798,21.566177
9317570,3.6692848,2.1356955,6.2405233,7.695267410542516e-05,14.55163,27.172895,-33.48488,-3.720389,-5.571032,9.6078825,46.53928,5.596945,18.26766,-18.275967
9317573,3.7127738,2.1390843,11.706565,0.0,116.917656,6.8689466,33.516006,13.446639,-65.29912,21.904356,16.084911,-9.242694,19.950302,-14.33241
9317577,3.736261,2.128654,13.10855,0.0,155.36613,4.9019938,-28.010052,14.7442,-16.83834,9.4980545,8.389239,-15.27537,-22.41634,3.0943089
9317580,3.6603727,2.1437454,5.8913198,0.0,-0.29227626,33.939243,0.72451323,17.766047,11.806813,-15.730923,34.49322,8.112309,23.426796,-13.221486
9317584,3.6802611,2.1390016,6.667322,0.0,49.11744,6.5770874,-21.837133,20.842463,3.5578797,-29.042866,-0.3127886,-15.787866,-19.687279,-10.061399
9317587,3.6663513,2.1428542,4.0139604,7.695267410542516e-05,14.577081,1.3677703,5.371155,-8.44155,-20.563307,-1.067799,17.076393,2.674376,-15.807156,-3.8637898
9317591,3.653665,2.140578,5.1884575,0.0,-3.524018,18.997416,-3.0246391,-7.9748573,-30.67262,21.440733,-17.40456,-7.5595117,-5.9550405,-16.21859
9317594,3.6671991,2.1354234,6.757714,7.695267410542516e-05,37.620224,-0.3893232,-19.611773,2.8875332,7.098238,-13.983925,-22.503155,13.858282,4.469269,-12.947845
9317598,3.6249182,2.1369517,7.651595,0.00015390534821085032,-68.79836,19.68063,-27.697556,-27.946327,10.275509,8.497098,3.1193771,-3.726116,-9.173758,-21.767712
9317601,3.7091057,2.1301715,12.210669,7.695267410542516e-05,126.99184,-26.891064,-5.990789,-0.1293154,-51.88136,5.4635344,-20.166035,9.211669,8.21762,-2.9028888
9317605,3.6957371,2.1340117,7.3929076,0.0,65.52228,23.119474,-18.136112,-18.57484,-26.555948,-10.256443,19.42293,-25.626764,-13.993051,0.98968804
9318889,3.6823857,2.1327147,6.492312,0.0,45.37605,-15.150246,-31.668728,-6.050728,37.87084,-21.410099,1.0392951,-0.6789056,4.8281884,-21.178154
9318891,3.687527,2.132293,6.3375444,0.0,52.337612,-6.3327622,-32.45567,25.465153,10.484704,0.2295119,20.2818,-7.789275,-15.596744,11.814234
9318893,3.6546285,2.1338642,7.2624493,0.0,3.9315417,10.04919,-61.50657,44.57313,-14.434888,16.555822,-8.680328,-6.091391,-17.699764,-7.589676
9318896,3.6594172,2.1432636,6.7571855,0.0,4.2995744,27.320097,-43.546402,22.82555,-13.202523,-15.122219,17.42168,0.47732335,-6.0184164,-8.9971075
9318898,3.6820362,2.1400924,8.050505,0.0,49.036423,-12.730478,14.633905,59.074146,-15.03474,-25.533838,5.6788177,-25.640839,6.255851,6.610289
9318900,3.6644816,2.1439729,7.1608667,0.0,11.779527,49.492283,-7.1112123,20.425468,-41.857456,-0.8099174,19.295053,2.8766117,14.123804,21.409096
9318903,3.6596472,2.1305816,11.64829,0.0,28.259941,-5.163888,-87.39246,82.01165,-56.24218,-6.004938,-0.10860064,1.0351561,-12.499619,30.068253
9318905,3.6210017,2.1375358,9.03342,0.0,-67.037704,20.05404,-42.27608,33.855103,40.918427,21.2123,-14.796706,5.2046194,-21.514093,-1.8410311
9318907,3.6504543,2.137719,5.339892,0.0,-28.58131,19.66227,-8.625707,-2.7601519,41.415848,9.050812,-4.7288795,-6.7168236,7.0636797,6.866868
9318910,3.700679,2.1341252,7.0953445,7.695267410542516e-05,75.31381,25.48466,-14.652494,-23.190056,30.099245,8.61371,-10.087564,-7.24455,-5.8513527,2.428025
9318912,3.5760899,2.1628306,13.809685,0.0,-162.25557,-7.3087587,39.163857,36.50139,8.156185,-38.865887,-3.7407074,-12.789646,-2.9708214,0.5317891
9318914,3.6580386,2.142212,6.019928,0.0,3.7125154,24.325861,-11.127381,16.521616,1.25331,-38.814747,-10.610649,-0.6192796,-4.3360667,2.6343575
9318917,3.6531508,2.1345809,6.1482124,0.0,-23.743292,34.029396,-27.07871,-17.783703,41.021877,12.627643,-3.2459943,-3.72443,0.7604241,5.4243803
9318919,3.6654506,2.1395488,4.9825263,0.0,9.456045,36.25059,16.581236,-15.771622,-8.515685,15.057872,-6.709823,3.6207101,12.4397,16.453722
9318921,3.6633098,2.13419,6.5653014,0.0,21.281311,12.011353,-38.808933,21.303965,-17.564377,-20.127085,-0.3132623,11.013561,-1.2389888,3.2417948
9318924,3.678905,2.133242,9.179488,0.0,56.96232,-4.709261,-66.63802,47.596237,7.283329,-46.085743,2.1320648,3.2046974,2.7430782,5.942424
9318926,3.6925247,2.148108,10.396747,7.695267410542516e-05,65.33714,81.45384,5.4884515,22.52428,31.010986,-1.1672184,-37.756336,-10.63335,-22.616741,3.256396
9318928,3.6419985,2.1495023,6.356095,0.0,-15.389705,17.18167,34.566986,33.044693,-40.55906,-28.68826,-12.7485485,3.5983815,-11.669224,-2.2564638
9318931,3.596997,2.1420624,10.887806,0.00015390534821085032,-117.41232,-20.549385,16.136194,-44.636875,-22.745035,2.1985981,-8.916428,9.621902,16.790573,6.2495303
9318933,3.6896174,2.1482816,10.670377,7.695267410542516e-05,61.12005,74.38055,18.278585,39.259674,13.698404,11.210013,-39.8627,-27.61651,-29.384739,1.9734184
9318935,3.6473637,2.14447,6.833019,0.0,-25.875498,54.1456,-12.150233,23.278307,-28.476683,-12.08839,11.0726,-12.041651,18.642492,11.922146
9318938,3.7052116,2.1320472,10.332401,0.0,109.073845,-37.99196,-18.332857,32.64658,3.5610216,-10.401313,-9.69812,12.109092,-24.080544,-8.019033
9318940,3.6419659,2.1521728,8.289316,0.0,-35.180126,71.190994,19.66021,-10.651667,-8.448978,-1.7807703,-15.962339,8.6657505,6.1110826,-15.547895
9318942,3.6493,2.1239188,7.884338,0.0,-14.021724,-57.217205,-17.081917,-4.0847526,-4.2645154,-6.4714456,-7.188244,-21.990803,7.711024,-10.696011
9318945,3.6827939,2.1346273,8.220549,0.00015390534821085032,38.01696,55.622128,-37.144073,-33.411407,20.623762,22.684315,-17.331484,3.9159844,1.5667892,26.302053
9318947,3.7021594,2.1449807,8.7276325,7.695267410542516e-05,64.168686,65.964294,12.456256,-16.693195,29.577888,-11.015671,13.295613,-15.232986,-5.3753386,8.61575
9318949,3.7078094,2.1321163,8.263383,0.0,87.65247,27.027054,-34.369152,-14.481784,11.778052,-1.6767291,7.173898,3.5181756,-14.915705,19.495214
9318952,3.6631973,2.128773,7.492257,0.0,29.093704,-31.973436,-31.350578,54.840996,-3.5261447,-9.750582,-20.659325,-11.383372,4.480491,-0.75538725
9318954,3.6320968,2.1272168,9.452521,0.0,-37.96767,-20.46689,-88.70289,59.567215,20.58103,7.5852623,12.448966,16.578423,16.381704,10.713202
9318956,3.6840847,2.148101,11.09937,7.695267410542516e-05,51.22811,77.10695,10.222305,49.84107,27.45299,8.730046,-44.776997,-28.276672,-25.46656,0.9419207
9318959,3.6692467,2.1532745,7.7619257,0.0,19.731821,51.534164,54.061974,29.029549,-16.16724,-11.571087,31.105827,18.415297,-2.8965325,-11.427232
9318961,3.6492448,2.1480339,5.41858,7.695267410542516e-05,-3.616686,11.741806,18.002766,34.268158,-24.538204,8.506317,-12.749187,7.9285283,-22.074211,5.355864
9318963,3.698315,2.1504054,7.971584,0.0,77.70071,18.407713,26.937504,16.795467,14.724396,-34.390305,24.002146,19.772566,-15.117575,-4.3287964
9318966,3.6893077,2.1329286,8.293688,0.0,71.09813,-25.974804,9.461783,-5.101952,4.358607,17.539873,1.1670716,38.950253,19.30992,-0.65612864
9318968,3.7137835,2.1350899,11.412318,0.0,122.65466,-40.322174,24.093607,18.684126,-4.3242064,-24.748861,7.731161,26.867493,-1.4097079,1.0895809
9318970,3.6905427,2.1315966,7.686321,7.695267410542516e-05,72.9078,22.930895,-29.534441,2.384933,-3.4498646,21.329685,-13.3779545,28.384403,8.243799,15.987037
9318973,3.6923258,2.1474504,8.967281,7.695267410542516e-05,48.647552,71.9316,-16.84147,-15.45852,52.934864,-34.183304,-0.71314293,-6.134994,-12.692611,5.089152
9318975,3.6589694,2.1345356,4.7090726,0.00015390534821085032,7.720357,2.301617,-13.136217,1.5172434,-12.910535,36.652042,-0.01271339,5.8703446,10.813325,4.371541
9318977,3.6603174,2.1456246,4.294629,0.0,2.1147666,9.802425,14.501572,4.9170623,-4.3561597,0.020794343,5.6701756,16.887197,-11.248537,21.887276
9318980,3.646431,2.1527948,8.368553,0.0,-30.637331,46.666634,40.101017,38.314297,19.909317,-8.489341,33.58607,24.210869,7.6366816,-7.7680483
9318982,3.6907055,2.136352,6.8184776,0.0,68.9025,5.028712,-17.604807,11.458526,-3.2380493,-2.6942472,-7.8027973,9.970406,-19.060434,22.845318
9318984,3.6221042,2.1376488,7.023847,7.695267410542516e-05,-50.2698,13.38535,-7.8857393,-6.198174,-28.107424,-21.31556,-29.530733,18.26249,4.6123304,-0.8075562
9318987,3.6693308,2.133074,5.655945,0.0,25.2142,32.445717,-33.08755,19.932587,8.635451,14.352045,-7.482041,9.620421,3.6591175,14.951481
9318989,3.6458635,2.1499195,8.653552,0.0,-36.116016,49.555134,36.579308,24.313974,20.486908,17.823103,34.919567,21.734367,14.747267,-15.893638
9318991,3.677265,2.1415842,8.644692,0.0,37.788204,67.99174,-35.800316,-22.047392,-4.686671,2.608595,-9.53217,31.38566,-7.0115075,7.6634393
9318994,3.6788757,2.160927,9.264304,7.695267410542516e-05,32.437805,72.44432,63.75237,7.855652,8.694288,-19.800737,27.823727,23.831957,-4.219607,-20.4985
9318996,3.693882,2.1382775,8.696403,7.695267410542516e-05,78.62581,24.779583,-47.792355,6.5435133,36.509415,-40.34418,-10.587536,8.559062,-2.925801,-6.668942
9318998,3.7265317,2.1267755,12.081757,0.0,126.13849,59.301186,-57.9775,-22.220072,12.911482,-9.225919,-6.253579,5.7056766,15.00148,12.453527
9319001,3.6304438,2.1456,6.297709,7.695267410542516e-05,-52.548424,24.095707,2.810996,4.1516004,8.371943,29.476751,-23.200308,-0.22550577,-1.9197043,-13.063643
9319003,3.6481092,2.1480372,6.1572304,0.0,-17.184032,22.135347,8.635814,40.061974,12.77804,-13.484185,31.932003,25.553905,-3.1389601,-13.905275
9319005,3.6346455,2.1520045,8.768171,0.0,-41.27593,45.785492,24.175638,48.456806,9.328151,-2.2828789,36.485977,20.798315,-6.0556483,-37.699963
9319008,3.6552742,2.1376686,4.5616164,7.695267410542516e-05,-8.75848,18.350327,-14.1503935,-11.007907,-16.975533,-5.989942,4.845319,12.694458,8.349495,29.236504
9319010,3.6455398,2.1426854,8.135232,0.0,-26.530146,70.00207,-13.512749,8.461461,2.1520035,-9.03642,-14.217256,11.142477,17.017767,30.28021
9319012,3.6489158,2.1360493,5.9828205,0.0,-25.415295,26.001347,-27.51395,2.091047,42.078934,8.981002,-3.7815936,3.8569415,-2.9750571,5.7873316
9319015,3.710131,2.118524,11.629178,0.0,118.29824,-4.4143357,-77.271,29.105776,-12.238552,15.561626,8.320807,17.005802,4.859658,7.996062
9319017,3.697135,2.1265872,9.380742,0.0,89.67445,-10.172806,-38.307938,2.8820364,3.9328089,37.80559,-2.1203933,47.114174,8.436751,10.485452
9319019,3.63296,2.1412785,8.065344,7.695267410542516e-05,-23.982323,-1.0544182,-21.631132,42.209606,-13.040185,-50.720737,-36.99592,18.713093,-18.908405,19.264381
9319022,3.6688888,2.1390345,4.821443,7.695267410542516e-05,22.763672,17.149456,-17.38375,-2.6671329,-10.137734,-19.44917,-4.758207,-1.4417291,1.7740377,18.334702
9319024,3.6751044,2.1391416,6.3521075,0.0,31.972033,22.553993,1.745626,35.665863,-0.4317557,-22.886026,4.679651,-11.150521,22.996964,13.145785
9319026,3.6866462,2.1382585,8.951683,7.695267410542516e-05,74.15502,27.50503,-11.483502,12.625918,-34.623417,19.346823,-25.20971,31.101831,0.11161278,14.004335
9319029,3.7012997,2.1286445,8.4966345,0.0,82.55385,36.36455,-43.031227,-12.982451,10.003503,11.269117,-15.909094,11.487688,10.244267,6.236909
9319031,3.665841,2.1405883,4.6512027,0.0,7.3304076,30.305714,-11.594779,-18.818707,-9.623832,5.9629345,0.8984292,-7.4874387,-5.7721786,9.298946
9319036,3.7154167,2.1323545,16.79766,0.0,153.13869,-88.85247,14.937322,60.397778,-36.02709,-24.858633,-13.146097,9.799974,20.85077,-27.86435
9319038,3.658374,2.155724,8.016091,0.0,-2.8740942,53.521935,59.09725,18.268902,-1.2691907,-9.240793,27.73128,34.681324,-1.3022223,-1.3990656
9319040,3.7232232,2.1506677,12.090251,0.0,114.89874,59.955994,59.35367,10.498341,1.4208386,-0.3581463,41.18362,33.668774,7.34248,9.10869
9319043,3.6474695,2.1414146,6.740909,0.0,-16.192905,42.664528,-14.841513,42.26815,-10.936206,-3.2216218,-15.965562,-6.051102,-3.5941434,19.985449
9319045,3.6656935,2.1459742,10.237659,0.0,18.092064,83.66428,-26.04234,34.378654,17.609623,3.15574,-33.76358,-9.141866,-30.371965,2.0102842
9319047,3.6627448,2.1523085,7.589754,0.0,2.0428433,51.307255,40.34487,22.08738,3.8423057,-13.41042,39.171253,14.496117,9.399731,-21.672352
9319050,3.6390386,2.1476536,6.0839148,7.695267410542516e-05,-38.191776,23.94123,12.875855,32.286453,-8.60647,-14.146144,-17.255974,-24.87905,18.679955,9.484988
9319052,3.6563857,2.1489713,5.7461634,7.695267410542516e-05,-19.973318,14.454266,26.64236,-25.552729,-14.245671,-23.263632,15.423275,2.6286151,-6.007102,34.05643
9319054,3.6831582,2.1383088,4.811105,0.00015390534821085032,29.951332,8.645171,-1.726871,-25.78254,16.480904,-7.0336213,15.365493,1.2822652,-3.7606475,33.99011
9319057,3.6658165,2.1372473,8.35046,0.0,31.697083,33.38276,-67.19737,27.026556,-13.230894,-34.94844,-1.7672478,9.418578,-7.3095827,-9.817959
9319059,3.7732463,2.1280932,17.706652,0.0,224.59828,0.86414796,-7.610131,10.086667,17.678576,2.5651054,-17.598454,-8.819447,9.790066,21.717205
9319061,3.672342,2.144263,5.968266,0.0,17.855083,53.57729,12.013324,-11.227972,1.0710404,-7.444952,4.0603867,8.312843,7.877974,25.679665
9319064,3.6546898,2.149757,8.733603,7.695267410542516e-05,-24.093298,81.18834,12.558265,-2.0712628,17.611929,-16.629446,2.2022436,-14.186373,-0.5842078,7.8443956
9319066,3.6641617,2.1605613,8.396757,0.0,7.624649,48.165176,68.77852,13.251189,12.514197,-13.807318,30.73095,43.35946,1.1459093,-7.2027545
9319068,3.6652148,2.139047,4.7932925,0.0,16.281898,-22.062046,12.079374,0.9743961,-22.106297,5.285895,10.311895,-14.881917,-7.5828705,3.3333611
9319071,3.6960723,2.1318848,8.380832,0.0,88.02173,-10.311545,-11.495685,44.563244,3.5620923,10.293839,-6.0251007,16.68684,-3.4650657,11.748216
9319073,3.6821935,2.1453986,7.2513514,7.695267410542516e-05,32.743553,66.49119,8.506177,-12.304003,-6.7394786,-20.982134,15.193286,-15.548665,-4.7436213,7.971728
9319075,3.6384037,2.1372335,8.898199,0.0,-36.799343,4.57652,-44.209927,55.5134,45.6669,9.4407835,3.451124,0.88962203,-30.559832,2.127164
9319078,3.6772776,2.1309993,8.726075,0.0,41.337418,23.72435,-64.28527,47.881344,11.986614,9.936932,8.296786,3.1570783,29.464006,15.473236
9319080,3.6838832,2.1489944,8.064815,0.0,34.401173,66.94419,-18.651693,-18.130493,6.239967,-21.265167,6.7661934,5.615426,-13.354783,28.834988
9319082,3.697331,2.1385772,7.8871903,0.0,74.50601,44.86714,-19.831032,0.8993289,11.655434,-12.016918,-9.48099,16.211832,2.755367,20.908796
9319085,3.642319,2.1472723,5.838747,0.0,-34.54151,38.1137,-4.89687,24.373655,-11.325586,-15.398424,13.07477,4.885265,-0.42278206,16.19043
9319087,3.6557577,2.136677,8.532793,0.0,-2.0717363,-4.0554914,-24.480349,61.571053,45.5548,16.823158,-2.1668582,-10.520469,-24.367073,4.61458
9319089,3.6851647,2.1281912,8.332731,0.00015390534821085032,58.715603,-5.214658,-70.238525,-2.9681923,-12.000602,-24.345573,13.388936,13.832929,4.0116234,26.128412
9319092,3.6892726,2.1291676,14.022081,0.0,59.576443,-116.0028,-21.435862,30.563683,-21.087833,9.859742,25.766636,-25.861668,-23.686481,12.075576
9319094,3.664838,2.1417634,4.317565,0.0,22.95711,11.181291,-3.9874623,22.17655,-5.051058,-5.2658157,-10.4862175,14.962324,1.1289868,14.90063
9319096,3.6703632,2.1607702,8.988509,0.0,18.832533,66.1777,63.741756,14.203443,13.739616,-12.159469,28.60288,33.29688,-3.3101773,-12.529
9319099,3.6749077,2.144202,6.537678,7.695267410542516e-05,13.017936,58.177414,-2.6364372,-14.381551,6.018593,-18.280561,21.048716,-14.798796,-6.533549,11.831541
9319101,3.6523035,2.1526484,5.5359917,0.0,-5.057793,20.332563,24.361547,32.272724,-0.82685065,-3.1557894,20.534697,33.285774,-3.4325528,-14.937259
9319103,3.6522217,2.150981,7.1855574,0.0,-9.583516,25.412664,30.124321,56.529667,8.8415,9.613863,18.255535,22.459948,0.64637506,-11.1464615
9319106,3.6733227,2.1366804,5.071283,0.0,21.974524,-10.670204,-16.776264,13.561381,30.320145,13.387354,16.202435,5.7036533,-0.26401687,5.014704
9319108,3.6468363,2.1488073,7.8888702,7.695267410542516e-05,-24.070177,64.30042,25.539164,2.5539186,-1.4473057,19.602179,10.701694,17.8196,15.157179,-21.59475
9319110,3.6401994,2.1512597,7.251366,0.0,-40.923878,45.534687,29.975431,13.18447,6.43424,-0.34679717,30.195274,13.477897,0.03151088,-25.330885
9319113,3.6298733,2.159171,10.462226,7.695267410542516e-05,-59.9495,73.51606,56.125977,18.645187,9.281483,5.0178146,18.124111,29.360025,4.399697,-16.770185
9319115,3.6354005,2.1517527,11.931662,7.695267410542516e-05,-61.200954,100.93247,-37.121063,-14.191448,27.32311,-22.319824,-9.601134,-5.3859916,-12.18534,4.1548676
9319117,3.668614,2.1517644,9.946525,7.695267410542516e-05,5.032113,93.17126,-17.377272,-18.639261,18.004698,-32.058617,-2.7625873,8.940569,-6.09851,24.141191
9319120,3.6408765,2.1534433,9.574466,7.695267410542516e-05,-52.783188,62.511597,-5.9955497,-14.360363,37.593185,-25.019558,-7.334551,2.7751007,-12.939944,9.59905
9319122,3.6603198,2.1521318,8.2584505,7.695267410542516e-05,6.5833154,67.6347,22.161634,15.195099,-27.26277,2.795254,24.451822,33.59638,24.470636,-3.7873404
9319124,3.6947076,2.1514766,10.799491,7.695267410542516e-05,69.81291,5.4312334,46.460945,48.403625,-44.14433,33.32849,57.36221,13.322772,-0.010279814,-10.074445
9319127,3.6031697,2.1441858,9.627785,0.0,-114.14398,1.6223749,-5.9434214,-13.099841,20.408741,-7.4845486,6.4755807,12.768726,-2.5873446,14.419198
9319129,3.7114484,2.1379626,10.417829,0.0,113.22611,12.460405,-8.357654,35.80556,12.451555,7.0673375,-18.072031,15.64237,-18.204437,7.4967384
9319131,3.6745899,2.145211,6.3175607,0.0,25.64463,21.761087,15.916969,24.641869,17.061094,-5.106765,33.90519,16.819092,-3.273502,-28.2889
9319134,3.6737695,2.1334767,5.8766494,0.0,33.3711,-8.624819,-37.51575,27.757616,5.091405,5.148433,10.7829485,-13.074246,-8.298601,2.7738998
9319136,3.6365173,2.1413302,10.102206,0.0,-45.332558,74.93495,-30.394407,51.870285,6.122684,22.453905,-16.922173,-25.75916,13.7487545,3.2403
9319138,3.6855233,2.1427207,7.1734557,0.0,48.44098,55.361702,-5.277993,3.9115953,13.920464,18.864704,-3.8091385,-3.8426907,-6.1193576,1.0320779
9319141,3.6969075,2.133682,8.038884,0.0,64.832016,48.254093,-34.48796,-39.167084,19.29932,-9.497375,-7.6588216,8.479107,8.613774,19.188494
9319143,3.689683,2.1419137,7.781583,7.695267410542516e-05,62.788563,43.07017,3.417225,-4.7754645,-24.471859,22.264355,-1.5183748,16.468168,4.99273,-2.3177028
9319145,3.6853242,2.1358626,5.8592615,0.0,46.00425,34.43058,-14.831687,-28.09673,6.1797614,6.6060405,-6.92733,-5.3141274,-4.516631,-3.1529465
9319148,3.6969075,2.133682,8.038884,0.0,64.832016,48.254093,-34.48796,-39.167084,19.29932,-9.497375,-7.6588216,8.479107,8.613774,19.188494
9319151,3.6602287,2.1423728,5.7644033,7.695267410542516e-05,5.851077,-3.5532975,-25.134325,26.485783,-6.5635858,-10.943107,17.392208,-1.4803977,-9.769849,-8.351902
9319154,3.6595697,2.1444323,7.4275746,0.0,4.800266,55.548195,6.7878766,21.893671,-7.754123,20.902649,21.669916,26.998402,28.96011,-13.266143
9319155,3.6942742,2.1324017,9.123491,0.0,72.972046,16.74863,-56.047894,8.273982,-22.512667,-39.95394,14.290729,-8.973556,-8.220089,6.4494123
9319156,3.6176195,2.1354754,8.731587,0.0,-59.0992,8.745259,-70.95288,-8.402162,-25.612291,16.596132,-12.269623,57.96288,8.821145,3.5091312
9319158,3.677191,2.140061,7.403334,0.0,43.325413,38.84437,-10.878481,37.19934,-22.16392,25.60396,-14.430772,-7.3859425,-4.071469,18.44974
9319162,3.6700437,2.1287174,8.112325,0.0,32.805256,6.449864,-87.878174,17.322607,-6.9427295,3.1675258,8.147979,0.23945186,8.372805,1.7673993
9319163,3.701063,2.130851,9.499139,0.0,86.72351,26.74442,-57.25021,24.301655,31.58608,13.823034,4.9461365,19.44017,-8.829051,12.661894
9319165,3.6339545,2.14308,8.471107,0.0,-32.91227,53.669277,-5.677663,58.193733,-7.0230384,13.010741,-35.738804,-5.411058,14.002229,-7.2866526
9319168,3.6435564,2.1398246,6.3202662,0.00015390534821085032,-27.783342,9.5108,5.32656,-42.937843,-44.97151,0.86145586,-2.753972,4.1555696,19.513523,18.13958
9319169,3.6561167,2.1430395,7.6767573,0.0,4.4793363,37.39901,2.6622198,47.69242,-0.22896488,2.1616368,40.292706,23.016663,12.091892,-33.306995
9319170,3.6583765,2.1392248,4.964874,7.695267410542516e-05,-6.3269377,19.389883,-0.060570173,-4.326098,-29.917774,3.1012163,0.3820705,1.3299936,4.5208874,39.873528
9319172,3.5942743,2.1315165,10.17594,0.0,-121.64797,-9.056985,-33.53679,7.401607,2.318512,20.027874,-3.0969384,-2.6246932,29.115456,6.752027
9319175,3.7131999,2.1442542,11.563283,7.695267410542516e-05,106.67133,76.58271,-20.38198,-11.313882,6.8680835,-20.180588,-12.792563,30.925634,9.915767,28.751137
9319176,3.678231,2.1450238,7.363937,0.0,44.203693,17.876211,-6.1697516,20.680239,40.4975,-54.098324,-2.931305,-0.55842817,-20.129309,-10.092536
9319177,3.6234264,2.1482322,7.790923,0.0,-62.895306,44.58713,-15.038479,13.460935,-0.50391966,-12.846173,-9.249918,8.43294,5.3012404,15.51442
9319179,3.6448808,2.1543226,6.2550354,0.0,-17.908466,5.1175513,12.879429,41.437622,-10.19909,-9.763239,38.936188,38.844864,-14.571505,-14.481826
9319182,3.6732485,2.1380208,5.4624267,0.0,19.163622,33.964634,9.204971,12.108534,25.405212,10.130559,0.6010516,-11.002388,2.5292034,-2.4736116
9319183,3.6662338,2.141938,6.6906533,0.0,12.129621,58.548695,-15.505978,14.994683,7.388414,0.87559825,-12.624858,-1.5338322,-3.8428605,9.219172
9319184,3.624291,2.1385336,11.930309,0.0,-60.11259,64.66055,-88.799805,-29.479322,-0.52569807,0.18225275,-6.3572793,64.44977,-7.834677,24.857443
9319186,3.6309898,2.1397011,7.691942,0.00015390534821085032,-59.779404,16.294065,3.7469516,-52.31262,-36.773315,6.0488844,1.9493803,1.2526389,18.711058,18.601383
9319190,3.6543202,2.136811,5.777975,0.0,2.8457656,14.299463,-47.77841,15.579664,6.365261,-30.058832,-9.323095,8.92143,-3.4973438,4.5406632
9319191,3.6096082,2.1465414,9.084822,0.0,-74.540855,49.216404,-27.646574,27.164356,-17.82759,-22.503881,-32.093433,25.189844,8.628169,-17.467524
9319193,3.6779056,2.1473563,9.271173,0.00030781069642170063,51.504356,34.70253,29.417732,-6.095301,-30.31148,28.0025,-47.77848,23.552305,-9.449099,14.331118
9319196,3.6574283,2.142495,4.969356,0.0,-9.288487,37.447617,-12.872737,-9.283165,15.496541,4.2752,-5.956253,-2.993428,-10.734516,-5.118017
9319197,3.632667,2.1426911,7.5571094,0.0,-40.401703,35.03473,-14.271469,41.738125,-13.734735,3.9999444,-13.664752,17.799704,-29.030916,15.247019
9319198,3.664325,2.1580718,8.648408,0.0,13.1088505,53.48268,63.03334,12.219833,23.258904,-10.462049,13.303825,46.179867,4.528012,-9.041122
9319200,3.6258883,2.1362617,6.1296306,0.0,-54.5769,-11.527545,-35.662403,13.4838085,17.649542,20.826439,-1.035669,16.05515,-0.73501295,-8.072279
9319203,3.6843011,2.1378868,7.3963056,0.0,45.72256,46.33383,-3.904345,29.407795,-9.483944,4.9075727,1.8117877,-24.64877,25.56462,10.843397
9319204,3.6741314,2.1269228,8.1882305,0.0,44.85032,-46.248806,-18.141066,27.661818,0.024367549,31.69531,-0.9780389,39.673477,15.100982,15.586429
9319205,3.7126787,2.1319408,11.304488,0.0,111.31219,47.61231,-29.731081,38.879475,-19.48215,5.4924903,2.594259,-24.65674,10.127882,19.450172
9319209,3.66245,2.1387722,4.6512733,0.0,10.190317,25.669561,-21.436304,-2.6518862,-9.429755,4.820577,-6.835937,7.355725,7.822537,-7.8403277
9319216,3.6575434,2.1480176,6.7782235,0.0,-10.80237,54.184383,12.113927,-14.435714,-18.14007,-37.88747,10.031705,-6.9212627,0.15020938,9.63032
9319223,3.661121,2.1547027,9.339097,0.0,3.673187,64.215515,39.507088,41.3525,12.459902,-4.02947,46.208385,20.38895,-1.1937273,-27.57062
9319230,3.630575,2.1433403,6.7355533,7.695267410542516e-05,-48.23673,-21.538174,-17.600859,21.405993,20.786163,-11.100399,-9.919127,21.50107,-8.824794,12.600666
9319237,3.6046987,2.1394558,9.694698,7.695267410542516e-05,-96.95409,13.651839,-46.79006,-20.447815,-37.757446,-33.410484,-3.0562572,-1.5177125,8.424662,-1.4133728
9319244,3.5889168,2.1407928,10.779815,0.0,-125.62876,-12.008338,-23.198437,31.918745,-36.184746,3.5822122,8.250172,7.1044345,-0.7609925,17.89726
9319251,3.6369517,2.1414769,8.546824,7.695267410542516e-05,-31.222715,53.78043,-68.07193,7.810588,10.897662,-28.480722,-19.475525,9.308078,-2.4185479,-7.6032248
9319258,3.6608512,2.148199,5.5496902,0.0,-13.0554905,41.63844,6.9850187,-13.949835,17.191988,-3.311935,12.381807,-7.449125,-12.43236,7.873761
9319265,3.5658197,2.1603308,15.133423,7.695267410542516e-05,-181.94179,-4.3275766,26.690952,39.541367,10.283758,-28.893036,-4.0024877,-9.7330885,1.5791848,1.318135
9319272,3.6409435,2.139534,10.049753,0.0,-17.98473,74.24333,-68.811935,11.009351,-19.05407,7.325748,-7.290088,54.418552,-8.348096,18.685724
9319279,3.619978,2.1367693,7.2194147,0.0,-67.9842,-1.7425629,-42.618893,2.212181,5.147251,10.95454,-7.983564,-1.4057113,3.685461,-3.6838937
9319286,3.6966622,2.1464884,8.470867,0.0,60.137234,50.74147,21.998692,7.2408757,41.421013,-1.9492707,-13.904268,-21.040358,-30.70679,10.925543
9319293,3.6481376,2.154645,9.734664,0.0,-34.316547,48.429283,55.173943,43.74676,25.939165,25.123669,31.33598,10.762819,8.0135,-8.624957
9319300,3.7256546,2.1369658,10.993137,0.0,135.67213,27.21029,20.700512,-2.7327397,23.29537,10.145387,-16.442057,14.59052,6.4462943,8.626429
9319307,3.618103,2.1424787,8.625137,7.695267410542516e-05,-78.95597,45.421402,-24.434725,27.746319,-28.182571,3.3962283,9.050216,-13.431912,7.850534,12.875055
9319314,3.6254096,2.1468763,8.877516,0.0,-62.257984,56.719387,-1.4196082,34.410553,11.118699,1.7865248,-33.774452,-19.422354,0.93773526,2.2387552
9319321,3.726339,2.136813,10.3003845,7.695267410542516e-05,114.100876,41.241802,-18.625694,-28.240986,4.758795,-18.43392,29.64935,-10.328565,0.33966208,5.0157533
9319328,3.6493127,2.1378167,5.816806,0.00015390534821085032,-14.463792,17.233528,-11.346531,-2.5542555,20.821434,21.811625,-32.339752,12.990715,-16.429594,13.582461
9319335,3.6751316,2.1476288,10.426177,0.0,57.728207,24.347776,19.420168,53.44341,-78.63392,-6.6712837,-17.6209,-0.9465699,-19.214369,-6.837339
9319342,3.7116742,2.135391,11.517555,0.0,99.31349,66.57807,-16.557503,46.389626,-9.424558,22.925274,-7.934531,-19.54439,15.796777,19.944954
9319349,3.6407971,2.1439056,7.519056,7.695267410542516e-05,-37.28515,22.072044,-15.967967,-36.620644,-3.4674006,-37.15481,4.1741595,-7.3072815,-17.16069,-21.531946
9319356,3.7155352,2.1321552,11.922475,0.0,110.48001,26.564856,-69.11104,39.08873,9.111367,-13.935355,23.128584,0.7384201,4.5093174,23.126692
9319363,3.6735382,2.1390815,5.6942143,7.695267410542516e-05,13.958827,-14.709746,-9.002,-8.723948,22.321367,-30.44652,21.18694,-25.956972,8.948343,4.0326643
9319370,3.702233,2.1225946,10.395483,0.0,92.05755,10.903408,-91.46529,6.7545066,12.715996,10.138667,13.052942,5.1922398,12.560947,2.4473383
9319377,3.6747217,2.1291351,7.5326667,0.0,47.11014,-27.483961,-20.685013,8.808595,0.16121623,27.527231,1.6162177,41.03399,21.220385,-3.7954276
9319384,3.7060246,2.129765,7.9782114,0.0,86.357124,21.115692,-32.13518,-24.255354,15.304209,0.7793334,2.623479,1.7787588,0.17263392,-3.7860663
9319391,3.7017894,2.1260505,9.789144,0.0,94.928375,1.4054185,-48.914684,-7.6551785,11.3287525,-36.983574,-8.855497,2.1806989,24.006027,-6.759985
9319398,3.6714666,2.1428423,6.6620235,0.0,26.682573,-5.6451693,19.205683,45.373604,-28.70547,2.3942301,8.068824,-21.092607,13.8345375,1.7237083
9319405,3.6675339,2.139262,6.526758,0.0,22.39728,3.4872854,-40.333076,30.693579,-3.772769,-25.929113,-4.107877,-21.822191,-9.274636,2.8756485
9319412,3.737707,2.1366754,12.785144,0.0,150.41884,45.70237,-21.010578,8.656169,-10.183001,-1.9277917,6.384538,-5.191998,-0.41604733,8.874425
9319419,3.6528046,2.1415508,6.6982055,0.0,-14.578801,29.86577,6.0777903,47.095066,5.743611,22.077623,-15.434242,-15.7788105,-2.81365,26.06485
9319426,3.6683216,2.1398299,6.608338,0.0,31.701555,-20.156221,2.0151794,43.831455,-7.2180667,2.5166655,-12.3285885,6.1568584,-11.912112,0.49882764
9319433,3.7185013,2.131353,12.233507,0.0,108.69811,66.07443,-75.66196,4.304006,16.708021,12.701009,23.516909,-18.725224,-8.258745,3.031117
9319440,3.6246324,2.1461449,6.437793,7.695267410542516e-05,-58.80864,13.78674,-3.3407116,22.026278,10.739107,-1.7331918,-11.93213,18.585447,2.9604506,10.705747
9319447,3.6603374,2.1281524,9.590054,0.0,6.1597166,42.840675,-66.84309,38.977016,-22.45686,7.5077505,0.16612533,-39.357327,48.900017,6.3802285
9321770,3.6835883,2.15415,9.280224,7.695267410542516e-05,30.961441,79.51657,53.477074,-1.2000632,17.449541,-17.775627,16.01085,-28.582176,25.225586,-13.608083
9321771,3.647887,2.1628666,9.388576,0.0,-28.48633,58.63098,71.50633,27.238766,8.144498,3.806797,21.234808,30.823647,-10.043554,3.8207264
9321772,3.5451798,2.152993,18.069727,0.00015390534821085032,-219.9431,42.035637,6.700355,47.741528,-18.319918,36.265804,-23.821869,-7.8489227,1.186804,10.889958
9321773,3.6432407,2.1541204,9.332907,7.695267410542516e-05,-35.39467,71.061,51.50918,0.6828865,17.58233,0.07956915,11.035271,22.567366,4.491668,-23.817402
9321777,3.6886492,2.145324,8.765331,0.0,61.528397,54.9592,-1.7763271,43.47832,12.968641,-14.030477,8.232277,4.9388137,-4.8449564,-10.3022785
9321778,3.6734087,2.1415823,6.8632827,0.0,33.100243,30.11418,-6.9990726,44.61082,-6.0426817,-5.0185876,4.3587656,6.7428155,-22.34395,6.757277
9321779,3.6464572,2.1603029,10.029756,0.0,-20.835733,57.3964,62.73981,69.49721,-6.6789336,-20.995102,-22.135172,-23.779625,0.626234,3.4267259
9321780,3.6486497,2.151107,8.35345,7.695267410542516e-05,-20.540358,69.62321,24.610998,17.675598,-13.884942,11.304196,18.3964,17.618961,25.771511,-15.60369
9321784,3.688538,2.143833,7.384426,0.0,58.987064,18.966251,9.913887,42.0084,2.2752883,-22.434004,-2.0284936,-3.7682724,-5.4062834,23.191677
9321785,3.6744196,2.150269,8.217232,7.695267410542516e-05,13.509311,60.42657,49.212116,0.008593187,26.157701,9.357568,42.087578,14.537775,4.405511,-6.1182857
9321786,3.6694844,2.1498852,7.0965953,0.0,14.701049,20.635727,47.25399,31.87226,27.986317,-3.6630695,36.089336,28.734306,0.7143588,-7.9049015
9321787,3.6534374,2.1476512,9.426616,7.695267410542516e-05,-3.133067,55.553425,8.248807,75.52708,1.30643,27.122324,-16.592268,-11.69252,-12.831266,4.1575103
9321791,3.6590767,2.145224,8.5507145,0.0,11.210309,5.864717,27.908962,80.7989,-11.167488,23.275686,-4.911651,7.162548,4.6127048,20.597662
9321792,3.6764185,2.141408,5.2134557,0.0,28.460926,17.627323,-24.382177,4.0663934,29.633003,-5.3260837,7.0033245,-9.386355,-15.387949,-13.583727
9321793,3.6364386,2.159688,7.0587687,0.00015390534821085032,-42.071884,37.658573,36.222473,24.324753,6.069213,-18.684845,-5.493149,15.860138,2.7494702,13.627545
9321794,3.672669,2.1346793,9.680573,7.695267410542516e-05,25.233252,69.51478,-78.49688,2.8665414,19.503023,22.797367,8.821513,-6.1846204,4.2209177,-12.403713
9321798,3.7150378,2.143742,10.846801,0.00015390534821085032,103.99891,36.034607,13.792472,-53.62385,2.6534758,-5.4792323,12.180061,34.31502,-13.7769,7.407503
9321799,3.6110961,2.146758,8.89923,7.695267410542516e-05,-97.093346,16.048185,17.962536,-3.2437894,7.2093887,-15.394434,-4.5373087,-1.9433814,-8.482976,11.928705
9321800,3.7646008,2.137759,18.665443,0.0,219.02017,-46.562687,39.29385,30.472221,-19.060955,6.595558,-1.3029407,-6.6976757,-5.734915,-11.367122
9321801,3.6472933,2.1532705,9.615067,7.695267410542516e-05,-28.841333,63.717155,54.861027,33.611507,-16.5715,24.74053,-17.516693,-24.346935,12.208908,11.9602585
9321805,3.708012,2.1488297,10.1933365,0.00015390534821085032,100.67907,53.825363,30.326185,13.042251,-7.313395,-19.381128,-4.15249,-3.8649597,13.471465,1.9251002
9321806,3.6202624,2.1471822,10.293068,0.0,-74.06474,-44.645046,33.658157,-21.266363,26.769093,-49.200775,-14.365266,-24.319944,-13.572068,-22.955078
9321807,3.6418226,2.1521323,5.8757386,0.0,-33.642845,0.21037555,42.341908,-3.5705824,-8.125198,-6.6643467,6.850479,15.9154215,-0.28785887,10.401536
9321808,3.649055,2.142835,7.790099,0.0,-21.667921,42.51043,0.2699608,60.02438,1.8152868,8.844159,-0.75390494,-20.954659,-11.327315,6.8241167
9321812,3.6318405,2.166955,11.741437,7.695267410542516e-05,-69.23079,70.651764,78.977875,13.668006,23.349064,0.1540851,34.67386,33.615765,-1.4528018,-1.9254705
9321813,3.6965132,2.1353455,8.720263,7.695267410542516e-05,70.48093,-25.663095,22.182869,-43.145058,-13.067617,13.779525,10.86842,-8.819534,-22.675262,-11.982889
9321814,3.6925495,2.1471307,7.1622176,0.0,60.450207,16.568737,36.355553,15.177993,10.265503,-17.679874,43.044502,20.413857,1.279927,-13.481144
9321815,3.6678605,2.1503885,6.201747,0.0,17.885084,28.659845,28.34302,20.666357,-6.9878225,-17.431175,41.82124,23.213427,5.054277,-17.125309
9321819,3.6682577,2.1445315,6.6616826,0.0,27.672682,28.696196,-2.6846366,46.152958,11.999987,-10.573907,11.684964,25.72427,-6.0527062,2.297903
9321820,3.6488113,2.1666107,11.883746,0.0,-30.177141,94.98609,81.24386,18.995745,13.133751,-4.5531883,26.476955,25.505796,-2.4851813,-7.8393245
9321821,3.6634216,2.1545541,8.469742,7.695267410542516e-05,8.577586,55.095985,58.600582,21.489244,-18.831528,5.6640134,26.44092,19.041748,18.767786,-22.83521
9321822,3.6271765,2.147982,10.4717455,0.0,-60.39612,47.94568,39.950356,48.552982,-1.90873,37.23778,-50.80015,-20.37548,19.800756,13.571904
9321826,3.7204351,2.1378324,10.692071,0.0,130.93184,8.583572,29.177752,-5.203363,18.194418,1.2808634,-16.83192,20.143057,2.94929,4.0655804
9321827,3.6831117,2.1566215,8.727722,0.0,34.218483,48.06473,73.849525,27.301876,11.359928,-3.8454416,37.771507,13.102155,7.580531,-5.0276546
9321828,3.7288554,2.123534,14.459886,0.00015390534821085032,163.28755,-42.88982,-9.663001,-3.8991091,-5.675883,31.413683,-27.683262,16.099045,20.75629,-14.381489
9321829,3.6504536,2.1448686,6.98722,0.00015390534821085032,-1.5076823,42.829582,5.116272,-7.4539304,-58.640205,-20.84311,-3.6902747,-6.2664814,13.234942,-7.8823533
9321833,3.6060405,2.149237,9.401708,0.0,-106.66834,16.833994,25.596205,-17.922188,-24.91841,-29.241608,5.534704,-1.7290347,0.71468633,2.402253
9321834,3.6762836,2.1358602,4.946912,0.0,34.6345,-13.735913,24.535795,-7.386128,-3.8600152,-8.507281,-1.0161521,-8.861141,14.39859,-2.8960793
9321835,3.6401732,2.1536913,6.7662745,0.00015390534821085032,-30.701647,44.35527,27.454704,15.101891,-6.1456966,-32.328423,-13.293142,-2.8279934,11.043442,1.9632038
9321836,3.6467745,2.14868,8.128248,0.0002308580223162755,-17.373508,30.25103,-8.441552,-50.46528,32.215176,-29.811937,-35.91021,6.951544,9.179587,-34.83156
9321840,3.689632,2.146697,7.986437,0.0,55.76251,-16.004402,33.6363,-29.80628,31.598022,-49.971523,-4.495682,-20.604612,2.515371,-24.005003
9321841,3.6438456,2.1538649,9.307541,0.0,-19.989586,47.097977,55.10583,64.06366,3.9089313,-11.24691,-30.724861,0.6799859,13.611059,6.5400653
9321842,3.6562788,2.1493828,6.7699227,7.695267410542516e-05,-17.457901,35.10639,12.051891,-39.081768,31.985561,-9.161019,-10.263775,-12.373367,0.93119305,9.089918
9321843,3.6481013,2.1488023,5.8813243,7.695267410542516e-05,-25.058464,21.609636,33.706593,33.657448,13.29051,0.04649635,2.3234992,-3.0674484,3.89661,14.145734
9321847,3.654815,2.1587281,8.505157,0.0,-2.0518334,47.45461,67.13158,49.26949,-22.09285,-18.420357,-14.144225,-11.42006,-3.5085926,0.92876303
9321848,3.668107,2.150633,6.9388804,0.0,13.622181,41.053627,25.393164,39.95616,19.845358,-7.9100676,20.553925,9.777289,-6.5490017,-16.52137
9321849,3.6304772,2.1470253,10.76318,0.0,-54.48041,47.370537,21.21042,75.5342,15.3457365,27.296022,-40.810684,-36.038548,5.1770296,5.3609147
9321854,3.6120734,2.1597748,14.526906,7.695267410542516e-05,-99.00617,78.62298,67.85795,63.60542,16.739174,36.37617,-44.04646,-17.977781,6.4240937,18.913607
9321855,3.6687326,2.1589434,9.942904,0.0,7.118345,66.79249,78.5692,23.56249,10.772539,4.577319,34.746193,26.863342,11.157879,-4.558467
9321856,3.6460857,2.1492732,5.8358727,0.0,-21.522161,28.196278,5.316379,25.646637,1.5571724,4.887717,25.882744,34.330677,2.1678467,-4.310632
9321861,3.6680665,2.1559095,9.086029,7.695267410542516e-05,4.8402715,82.12244,52.454243,-4.1584573,3.235019,-18.213226,12.079924,-27.950546,23.272707,-12.785323
9321862,3.6509683,2.1671524,12.0497465,7.695267410542516e-05,-29.740765,101.195244,79.88335,11.495646,10.721344,-11.737454,28.14864,17.911282,0.021091467,-14.847122
9321863,3.6607957,2.1484873,9.617284,0.0,7.8345156,33.496624,20.155209,91.81958,-9.504444,5.9308114,-1.3355829,-16.988602,-5.995784,21.104893
9321868,3.7217271,2.1399028,12.396342,0.0,140.3145,9.311249,19.267801,31.376543,-34.420807,-32.82669,-5.8966737,-9.124708,-2.199523,-2.0970526
9321869,3.6413767,2.16259,11.001692,7.695267410542516e-05,-31.605257,83.46036,68.99478,34.657677,10.469144,0.9353121,-35.62245,0.30246282,-0.0511277,-3.7546577
9321870,3.7669427,2.1328716,19.263647,0.0,227.12196,-50.34864,30.245035,29.872625,-19.9393,0.1827809,-1.0449833,-18.959248,-7.6341286,-3.4209642
9321872,3.6791477,2.131229,7.931465,0.0,56.617783,-52.627163,-15.1912155,-21.881886,-6.258271,-4.9098725,-5.1360307,21.092276,5.405848,-9.229036
9321875,3.6283169,2.1560576,9.961927,0.0,-59.15873,49.416134,60.553173,47.5274,-22.92974,16.968056,-14.391991,-10.729067,2.066414,7.5647206
9321876,3.6827776,2.1451564,8.580062,0.0,69.57702,-13.424995,35.000984,6.3595185,-29.145302,-31.160275,-28.721882,-7.0275025,2.547911,-11.647092
9321877,3.6566339,2.1434805,4.676805,7.695267410542516e-05,-16.609035,9.244815,27.600216,-17.03837,-23.835075,-8.924569,17.225275,-20.607065,-7.7398133,6.3242316
9321879,3.6359313,2.154178,5.4732165,7.695267410542516e-05,-30.277033,24.926693,16.567762,15.781486,-16.294056,-16.176476,-11.6122675,31.171865,5.943953,3.5607846
9321882,3.6914399,2.1405842,6.7260604,0.00015390534821085032,51.685883,3.5751584,34.48122,-42.621044,-3.885375,16.714119,16.766104,1.7600092,12.724569,13.440168
9321883,3.6419663,2.155406,6.1480684,0.00015390534821085032,-33.53269,26.489761,28.008736,20.665112,-5.1245885,-17.921814,8.823512,14.55967,-3.0716116,16.637558
9321884,3.643706,2.14512,5.4831886,0.00015390534821085032,-26.111835,24.932549,-0.6694949,-15.5309,0.655396,11.844682,-6.5960855,9.415299,-8.384307,-6.8621454
9321886,3.6583343,2.1345284,7.9929338,0.0,-5.271579,15.812449,-75.09484,9.940798,36.866024,-14.819638,-1.0816739,20.459448,-15.91719,13.905856
9321889,3.6833966,2.1518795,8.895431,7.695267410542516e-05,40.79181,64.04907,48.551792,24.200258,4.131914,11.232756,29.546444,21.62303,18.56648,-4.5140057
9321890,3.6479156,2.1476283,7.196711,7.695267410542516e-05,-31.438963,41.991993,33.879345,7.116942,23.024462,11.100872,32.367695,14.947799,-0.46212316,-16.24772
9321891,3.628361,2.1531866,12.864499,0.0,-59.691525,70.65299,46.008274,79.84752,17.6727,33.30417,-48.829807,-22.304539,10.976227,16.988981
9321893,3.6585076,2.149428,7.290798,0.0,-12.2448435,40.52104,48.077423,11.694119,12.00682,1.7680577,41.686516,26.298742,1.5675057,-0.58765227
9321896,3.631195,2.1437757,9.805563,0.0,-46.617844,48.296722,-14.912123,79.87752,2.4855564,27.680134,-10.665485,-15.917312,-14.078231,-2.41292
9321897,3.6653314,2.1471095,7.918973,0.0,25.472029,24.10324,-8.527297,69.21672,-7.4074593,-3.1140127,24.33537,23.180546,-8.788552,-4.47195
9321898,3.6519768,2.1481369,6.142929,0.0,-17.545622,42.19206,8.568464,5.655431,20.034647,-29.904184,-11.359529,-12.748987,11.556632,-7.981287
9321900,3.6486785,2.157418,8.131009,7.695267410542516e-05,-21.719645,38.48274,69.688156,38.370483,0.36123344,6.9495745,22.565664,14.941837,5.086331,-17.225176
9321903,3.6687584,2.1617124,9.169917,0.0,17.082016,62.230522,72.0504,7.620325,4.1801505,-45.594883,2.6964507,-31.103678,14.896049,-25.057728
9321904,3.6250215,2.1539705,11.90279,0.0,-68.71245,80.29434,32.222855,55.058506,26.430567,22.873816,-30.592737,-13.927719,4.1101055,2.1594682
9321905,3.6451077,2.1586363,9.247486,0.0,-31.947996,63.719913,39.67409,39.042786,-2.4393773,6.6303835,44.846355,24.910275,2.5586221,-14.365821
9321907,3.635551,2.1528425,8.472237,0.0,-52.84204,40.351612,37.467686,30.939604,10.785252,-3.0613558,38.737408,31.75841,-0.29756266,-9.182075
9321910,3.653621,2.1367564,4.823238,0.0,-13.986606,-3.0977185,9.491648,-27.914118,-19.188013,17.361864,8.656454,10.32419,6.867269,22.144077
9321911,3.6862612,2.1523056,7.8216853,0.0,63.67225,-1.9095116,46.42264,26.80688,-24.934067,-29.362442,-4.465312,4.313739,-5.6004424,14.025023
9321912,3.7392008,2.1423595,16.803116,0.0,172.02638,-87.59506,63.891857,16.187508,28.29912,-30.42409,-13.06487,12.6821165,-6.4360337,-1.3891238
9321914,3.6540174,2.1384747,5.6310973,7.695267410542516e-05,5.8262763,7.50931,-43.799458,-9.05081,-2.359146,-28.319963,-7.3237247,4.5915356,4.608921,-22.869074
9321917,3.6360204,2.1546211,5.835357,0.00015390534821085032,-18.963219,-2.3548229,20.69065,31.165304,-35.55127,-38.592907,-17.221031,24.421925,5.4030795,-7.4564686
9321918,3.7179952,2.1375842,14.539761,0.0,137.50706,-88.69871,24.000372,26.180765,16.011906,-31.076435,21.1603,20.366253,-15.302447,-33.72545
9321919,3.6150162,2.1639166,12.419627,0.0002308580223162755,-89.45052,83.14848,60.23764,22.251368,11.878544,3.330098,-27.818584,2.7168252,0.6189023,11.619036
9321921,3.652588,2.1506853,6.472738,7.695267410542516e-05,-26.521889,-7.8105154,66.42127,-22.997234,7.0609274,3.8015294,15.876366,-3.0578184,7.417955,6.7115536
9321924,3.733074,2.1354854,11.727413,7.695267410542516e-05,139.98259,-8.118122,28.608955,-22.843807,9.678352,12.586173,-11.231382,2.0930693,11.294095,11.937827
9321925,3.6333015,2.1473584,6.131211,0.0,-59.695755,16.747343,24.502253,-18.03318,2.0598304,-9.756281,5.594494,-3.359872,-10.412678,7.462613
9321926,3.6656637,2.152697,7.9910173,0.0,21.272774,-31.654661,66.34523,-0.27413502,3.1055095,-52.574272,-6.2041016,8.516663,-6.4199004,-13.476908
9321928,3.6159945,2.16428,12.12972,7.695267410542516e-05,-88.29498,76.497314,64.54089,24.948885,12.63451,-2.3505185,19.206068,27.785767,-3.932999,-17.006985
9321931,3.6252766,2.1617236,11.200898,7.695267410542516e-05,-70.13011,76.044685,65.65772,16.421936,1.5169709,-5.7454996,16.263826,23.814198,13.474297,-16.346296
9321932,3.695173,2.1543133,9.075987,0.0,54.820576,43.78367,68.59534,23.689196,28.539543,-17.29218,37.946156,12.288785,4.9744635,-5.9345603
9321933,3.661458,2.1564195,9.612721,7.695267410542516e-05,-7.2268953,76.16783,57.873295,14.381614,20.626883,15.858512,23.135658,18.127213,9.7992525,-15.324741
9321935,3.6426592,2.1538208,8.9324,0.0,-31.160686,54.37594,35.32722,39.11129,3.8711662,-8.456963,45.52048,38.893196,-3.2331893,-15.410656
9321938,3.6362667,2.149545,6.9781904,0.0,-30.736235,2.9018369,23.65578,57.208633,-2.6755495,-17.453695,25.364697,24.805588,-10.115226,-20.52698
9321939,3.6233473,2.1457913,10.926236,0.0,-75.10902,43.31755,18.545692,69.32576,19.66737,26.82216,-28.315847,-37.350765,1.7794795,9.141266
9321940,3.675815,2.1467786,7.5933847,7.695267410542516e-05,35.757877,46.766235,19.773794,37.48734,5.934019,-6.0032496,19.666998,34.29504,-6.609943,6.839222
9321942,3.7348535,2.1379364,12.681343,7.695267410542516e-05,140.2908,37.536255,-19.237925,0.046141278,-25.366425,-21.072927,30.29183,-17.554928,3.8099847,6.3277674
9321945,3.680378,2.1553018,9.219164,0.0,33.668957,61.89779,57.497494,31.297663,-5.4830494,-5.741758,31.797836,32.046307,-3.3689628,14.926939
9321946,3.6603796,2.1623847,10.1470995,0.0,-6.932244,65.87292,90.93279,17.954865,6.2285976,-1.1446364,29.680033,22.979546,1.1082984,-13.21853
9321947,3.6148272,2.1490633,11.718176,0.0,-72.86558,56.389477,18.989603,80.595055,7.003448,31.772049,-43.446392,-20.203878,-0.0384981,-11.519784
9321949,3.6060834,2.13985,8.592679,0.0,-93.407715,21.712486,-26.534922,6.873343,-4.282431,19.628645,-14.339607,4.564892,-6.4359274,0.8802823
9321952,3.6619267,2.1459422,3.791364,7.695267410542516e-05,5.6004305,13.455919,16.913858,-2.7016678,-11.556693,0.9073486,1.8775241,-14.303991,-21.933582,-10.467736
9321953,3.631845,2.1482515,7.3240666,0.0,-49.989246,46.876453,-13.07008,21.917515,-6.1200595,-15.856529,1.7230289,15.005563,1.7346461,16.40624
9321954,3.6202657,2.135308,7.388671,0.0,-60.865437,-16.261656,-20.957138,11.168613,11.556604,17.39087,-32.39591,4.602927,-24.62112,-6.9874744
9321956,3.6471143,2.1485853,6.3621616,7.695267410542516e-05,-31.472551,45.762016,14.012394,-25.03936,14.447652,3.930836,-15.51733,-3.5486596,1.2938854,-2.3449068
9321959,3.643629,2.1369007,7.1912537,0.0,-29.484968,-3.4450521,-36.08478,16.952362,47.92138,-26.569279,17.887413,10.309515,-4.068983,-11.211324
9321960,3.6534812,2.1437507,9.021342,0.00015390534821085032,-18.4363,38.609432,9.244363,-74.81447,-34.210953,9.199881,-5.619949,-0.25380313,19.922796,-7.7650447
9321961,3.6077774,2.141554,8.632559,0.0,-94.50068,-8.383569,-34.285267,-24.215929,-9.460048,-5.1436057,2.0583577,18.68871,-12.380628,7.463603
9321963,3.6186402,2.1399558,6.741872,0.0,-61.41159,14.929173,-24.955206,16.249338,-12.480619,14.441121,-19.043646,7.4676156,-5.6338434,0.41924027
9321966,3.723378,2.1460388,10.121372,0.0,111.361786,12.928473,56.182606,-31.13923,15.190647,-32.812466,1.7019128,-13.507598,-10.367908,-3.2913475
9321967,3.6511867,2.1468794,9.662403,0.0,-9.745849,-36.209,35.898537,77.524155,3.2144864,-36.768547,-2.8218935,-18.780142,-19.640974,24.237194
9321968,3.6459236,2.150164,7.964996,0.0,-26.956839,41.308674,28.955074,35.96171,7.465546,8.734516,41.350533,33.361813,-0.53235674,-7.0610604
9321970,3.6620815,2.1557753,8.489454,0.0,8.611706,58.334583,58.05649,34.29454,-20.638336,-9.420036,28.323887,24.473389,3.2854154,-8.60568
9321973,3.705522,2.1303086,11.239021,0.0,96.97232,37.741047,-62.395523,21.586063,35.598343,42.758846,-8.325058,-7.4174986,-4.1625113,-21.649769
9321974,3.641516,2.1605277,10.3572,7.695267410542516e-05,-33.118427,76.20959,61.208187,39.447693,6.220979,-5.467096,-24.6321,2.911244,2.424913,6.871889
9321975,3.6590395,2.1416721,5.8179474,0.0,-3.4400744,-29.808949,-7.537958,29.08123,2.4758816,-14.061448,24.409813,-19.03792,-22.328846,-1.7795442
9321977,3.6624854,2.1476865,6.476696,0.0,4.2919445,53.135952,-2.179116,15.098992,2.2961183,-30.823048,1.803012,-0.17021118,-12.569585,-7.380655
9321980,3.653275,2.1425905,7.8178644,0.0,10.409888,49.63776,-14.679744,49.467545,-28.77581,-5.4183607,-12.110346,18.040956,-13.179347,-4.081099
9321981,3.7087703,2.134506,8.548423,0.0,82.68811,34.324196,-33.249195,-1.651387,5.296943,0.3884554,29.783686,-20.388218,-14.028036,15.2228775
9321982,3.6571975,2.1562936,9.075486,0.0,-13.731735,74.18641,50.201702,18.056452,15.291543,1.5256069,27.218277,24.895758,-1.0938867,-9.749017
9321984,3.6231573,2.1518056,9.199703,7.695267410542516e-05,-76.535934,44.488297,27.094585,22.162474,12.788812,16.057125,30.502895,20.791786,1.2408086,-19.186575
9321987,3.7112403,2.1361105,8.941521,0.0,85.554146,34.179813,-34.264717,7.10581,18.992085,1.1192726,22.773354,-28.089376,-21.504446,9.627729
9321988,3.609956,2.1422997,8.5714245,0.0,-64.481964,-57.14637,7.129459,13.1081085,-15.686653,-1.5090489,-35.70783,9.757212,-12.8133135,-18.999899
9321994,3.6691487,2.1413186,9.490014,7.695267410542516e-05,36.294132,-69.24392,15.314416,38.45856,38.40487,-27.722187,-26.313702,11.012081,-21.923124,-8.662603
9321995,3.6231108,2.149459,8.926284,7.695267410542516e-05,-74.15338,45.376717,12.789764,31.523308,10.299237,4.5880837,-9.883523,-6.9061584,-3.564844,7.1780224
9321996,3.6688762,2.1499238,6.166373,7.695267410542516e-05,26.932894,2.098523,41.009674,-3.2098958,17.676117,-14.718018,-16.972105,1.6709261,-29.062374,-18.538109
9321998,3.673527,2.1433961,7.2540193,0.00015390534821085032,43.528606,28.444405,16.038507,7.2591796,23.275742,-5.7591763,-45.557835,20.09963,-3.0471208,8.962064
9322001,3.655427,2.1400688,6.7594576,0.0,9.995202,37.995632,-25.583332,24.526121,-39.49901,-8.55527,-8.668992,-6.885369,24.479158,-6.9376135
9322002,3.660385,2.1468613,7.3204813,0.0,8.206477,-42.682026,37.299065,11.44143,8.297764,-59.650665,8.055149,1.5105726,-9.862053,-10.30558
9322003,3.6269126,2.1478767,6.717561,7.695267410542516e-05,-56.798515,27.139791,-6.2425275,27.263502,-13.145379,-12.497238,6.4486747,5.9890957,-14.82768,15.001786
9322005,3.6660945,2.1533537,5.5924172,0.0,22.483084,18.827719,34.328003,15.937796,-26.408014,-38.486637,1.2710816,-1.9954398,2.0711734,-3.0047982
9322008,3.652753,2.150435,7.0777917,0.0,-4.58169,35.88638,44.386143,48.692513,-11.057115,2.8720725,-8.951351,2.4612114,-13.306411,6.515884
9322009,3.6589596,2.1424456,4.59882,7.695267410542516e-05,-0.04259915,21.970795,-8.392759,10.133958,-8.284071,7.7119203,11.2548065,0.8267884,-0.94491637,5.0511475
9322010,3.6256166,2.1537938,8.21899,0.0,-63.807255,53.775646,5.4554944,27.683947,2.9136953,-16.728796,-7.1979194,4.9854064,-4.3444276,-10.672576
9322012,3.6856809,2.1614163,9.771444,7.695267410542516e-05,43.049126,47.358303,94.78597,11.990871,12.126126,-39.06398,19.925438,-20.542059,21.554947,-13.228128
9322016,3.6394267,2.1475794,6.4839234,0.0,-42.571564,46.186447,-13.980091,-5.4271092,1.8544667,-25.926828,6.534416,-4.1308165,-2.3340435,-7.802711
9322017,3.720579,2.138126,10.023932,0.0,108.96147,12.098959,-22.386099,-1.6937451,38.00592,-20.186733,28.676466,-19.164639,-18.01248,-9.63199
9322019,3.6565573,2.1418545,4.7505984,0.0,-9.946641,-23.44774,16.335335,20.93449,2.0031934,18.658934,12.189905,-18.221994,-20.058023,-4.4139814
9322022,3.6581423,2.161237,10.830437,0.0,-10.50186,89.2877,67.634544,15.734369,21.429703,-6.5091844,26.75817,28.565292,5.7027826,-12.296244
9322023,3.703812,2.1338937,11.256521,0.00015390534821085032,96.53125,66.8594,-58.613136,-5.217448,6.391325,24.229902,-4.4267044,0.56663656,6.6854906,-15.719507
9322024,3.6184735,2.1475704,9.17033,0.0,-77.22855,43.14824,1.583074,40.188965,15.210601,3.3621824,-32.4715,-25.231632,-1.8871169,-0.51621664
9322026,3.6457808,2.1454372,6.982112,0.0,-12.855603,49.407146,-16.48418,38.755985,-5.558537,-17.581043,-10.7436,7.6763606,1.3642752,-14.810264
9322029,3.6542757,2.1486175,5.401635,0.0,-1.589884,-7.2846403,23.362276,29.915989,-36.56164,-18.04313,16.930296,6.2689176,3.8402405,15.136749
9322030,3.6646826,2.1429362,5.9531393,0.0,17.588488,7.8868895,8.512279,-34.93891,32.21793,-17.971287,-22.005253,5.3459787,-0.8234085,-19.87196
9322031,3.6130521,2.1454093,8.527569,7.695267410542516e-05,-87.622574,29.39277,-17.180418,28.838778,-11.030411,0.08854535,11.050558,3.49453,-11.210638,17.143408
9322033,3.6202295,2.1622343,8.978557,0.0,-64.390076,23.346718,46.42932,42.886513,-19.90831,-38.055737,-10.191863,-11.840807,-21.345604,-5.904678
9322036,3.6361992,2.1390908,6.2855053,7.695267410542516e-05,-28.411407,26.402405,-3.1618059,25.29782,-33.265915,-1.9001203,-7.102774,-3.7554088,17.496725,-0.27126697
9322037,3.6799092,2.1424177,6.371933,7.695267410542516e-05,29.288149,37.87033,-3.2597492,-50.81304,21.601175,-2.2481592,-8.833438,-1.2698593,1.9484924,-1.3782523
9322038,3.634996,2.1532507,7.230635,0.0,-40.78951,38.687866,33.35376,-4.6797376,-35.906517,-14.302134,-14.229066,5.0067143,-18.263355,-8.264244
9322040,3.632667,2.1421402,6.31317,7.695267410542516e-05,-30.376585,2.4226298,23.549479,-19.009615,-38.457268,5.940402,-36.079624,5.579356,10.433003,-13.850482
9322043,3.6466932,2.137386,6.4099655,0.0,-28.580168,-23.378601,0.8994476,20.998577,51.124577,22.604778,7.357333,-9.654656,22.96238,-10.577954
9322044,3.6838953,2.1383846,7.845101,0.0,51.28686,-4.3150544,47.755962,-37.074566,44.259243,-21.725365,-25.784565,3.9434507,-9.931359,-18.077942
9322045,3.65913,2.1403332,4.451585,0.0,0.62149316,-24.44514,19.409386,-14.867738,15.448091,-7.551352,-12.917321,-7.7279177,-4.854286,-3.2163134
9322047,3.625644,2.133154,7.135326,0.0,-36.829086,-52.137577,-23.615808,30.710217,-22.344723,-2.1310863,-14.237474,13.823131,13.078104,-20.63738
9322050,3.7207565,2.139103,9.794016,0.0,115.13286,-0.8261953,32.80734,-11.13124,-6.5101194,-0.5426699,5.6293597,-3.5024788,10.411959,14.266389
9322051,3.640973,2.1496077,8.117057,0.0,-39.30724,62.457973,-13.872341,2.3383293,13.816405,-9.810031,-15.466376,-19.117962,-23.6801,-12.972231
9322052,3.627311,2.151737,7.341123,0.0,-65.31471,34.047493,19.885874,-6.6332293,11.701434,-28.657518,-8.075164,-10.703843,-1.3707205,-5.079653
9322054,3.6655624,2.1558409,7.8347,0.0,-1.6763963,43.76183,63.287502,17.739782,15.790322,-8.472627,38.440845,15.554975,12.045387,-8.397126
9322057,3.6561592,2.1340737,6.479579,7.695267410542516e-05,-9.9391775,32.319557,-49.463417,4.933347,-5.452797,27.45555,17.905249,-20.898542,-1.7842085,-13.086321
9322058,3.679031,2.1387072,6.7183414,0.0,42.60177,16.967066,12.700843,-21.557364,-11.406981,18.530857,-13.301417,26.434067,1.3003207,4.688788
9322059,3.6241963,2.1484194,8.202187,0.0,-73.16364,48.16521,0.9278814,-1.9956628,-2.3618805,-17.24812,7.872299,4.965805,2.7177203,-10.391475
9322061,3.709068,2.1350658,8.477819,0.0,82.256454,33.07852,-30.19169,6.411469,24.797756,-0.5659964,18.027939,-27.28183,-14.208736,12.207968
9322064,3.6346662,2.1491108,8.189481,7.695267410542516e-05,-50.59014,52.04638,22.743795,21.427994,4.6441317,3.3988776,24.508877,15.326581,13.394243,-24.244745
9322065,3.6444376,2.1486862,7.403739,7.695267410542516e-05,-30.006483,55.801834,-11.769542,30.499367,23.254938,-18.827585,-3.8770173,3.1264033,-2.665837,-7.4344234
9322066,3.6316185,2.1531305,11.239706,7.695267410542516e-05,-45.98428,68.68354,41.18318,68.217964,0.84032214,28.2851,-41.09782,-5.746472,11.147541,12.698763
9322068,3.673937,2.144488,8.41117,0.0,26.237978,24.85193,35.766193,61.075546,-7.0292974,45.220215,4.1139736,-15.04577,-8.880279,20.616238
9322071,3.6418667,2.132926,6.9964275,0.0,-40.895767,-24.633656,-8.121814,5.909305,53.554195,29.441027,9.30124,-5.59912,23.785437,1.8125333
9322072,3.651845,2.1496038,5.8542585,7.695267410542516e-05,-27.961184,-7.109398,61.14023,-13.385763,4.522894,-4.494087,14.825152,-7.7509265,0.8436293,12.201821
9322075,3.634198,2.141593,5.6713347,0.0,-57.213074,-13.547368,4.7423058,-6.6337,21.035065,-1.0568453,5.867199,-13.771423,12.023398,2.4349236
9322078,3.6427202,2.151554,6.2326193,0.0,-30.473555,36.41302,21.685818,27.19071,18.099148,-18.316023,-3.209472,0.24725652,-3.2621737,10.382715
9322079,3.6753993,2.1339717,5.8218517,7.695267410542516e-05,19.37256,24.116405,-13.359767,5.0795503,43.876442,17.168402,4.2241144,-14.131894,-5.387085,14.675877
9322080,3.6492927,2.149769,7.9694266,0.0,-11.093952,20.051647,45.15871,70.269424,-8.964948,-6.7508183,-9.006482,1.0998791,13.852157,17.321804
9322082,3.635007,2.1353421,8.440719,7.695267410542516e-05,-23.78188,-62.614986,-37.175594,21.93061,-17.835354,-33.966145,-9.210561,35.03799,-8.488336,11.348397
9322085,3.617736,2.1512988,7.9445457,7.695267410542516e-05,-82.878136,23.56727,28.08717,-13.334895,0.40224084,5.729613,-0.99607986,0.15320803,9.813098,-8.034534
9322086,3.6445458,2.1559124,5.2616625,7.695267410542516e-05,-17.433128,17.369823,39.50947,11.894008,-21.382412,-30.697094,-3.2998207,10.421758,10.141499,-6.6419106
9322087,3.6317406,2.149027,6.0491877,7.695267410542516e-05,-60.875328,18.276371,21.625158,-1.7786037,7.0281053,-9.577201,10.578837,-6.7122946,-3.6749706,-0.3157517
